transaction_id,client_id,transaction_date,amount,transaction_month
1,1,2025-03-19,119.2,2025-03
2,1,2025-02-23,454.59,2025-02
3,1,2023-06-01,25.95,2023-06
4,2,2024-07-19,2246.85,2024-07
5,2,2024-06-10,35.54,2024-06
6,2,2024-06-12,441.41,2024-06
7,2,2024-07-08,199.16,2024-07
8,2,2024-04-12,777.11,2024-04
9,2,2023-11-15,162.36,2023-11
10,2,2024-04-09,2192.11,2024-04
11,3,2023-10-08,58.23,2023-10
12,3,2023-05-09,70.67,2023-05
13,3,2024-04-13,780.29,2024-04
14,3,2023-12-12,444.4,2023-12
15,3,2023-04-29,95.73,2023-04
16,3,2023-06-05,67.77,2023-06
17,3,2024-06-17,373.36,2024-06
18,3,2023-06-17,323.37,2023-06
19,3,2024-04-17,359.99,2024-04
20,4,2024-12-02,350.43,2024-12
21,4,2023-10-11,649.59,2023-10
22,5,2025-03-27,31.38,2025-03
23,6,2024-06-26,160.8,2024-06
24,7,2024-04-15,239.75,2024-04
25,7,2025-01-19,378.1,2025-01
26,7,2024-08-25,352.16,2024-08
27,7,2024-08-01,52.22,2024-08
28,7,2023-09-13,957.96,2023-09
29,7,2025-03-15,1050.66,2025-03
30,7,2024-12-03,637.98,2024-12
31,7,2023-12-25,281.12,2023-12
32,7,2024-01-07,267.06,2024-01
33,7,2024-08-25,254.36,2024-08
34,7,2023-08-24,187.38,2023-08
35,7,2024-04-03,546.97,2024-04
36,7,2024-06-05,1535.15,2024-06
37,7,2024-09-15,34.75,2024-09
38,7,2023-08-14,48.93,2023-08
39,8,2024-09-02,835.04,2024-09
40,8,2025-03-09,30.93,2025-03
41,8,2025-03-15,412.41,2025-03
42,9,2024-10-21,218.17,2024-10
43,9,2024-11-03,1012.83,2024-11
44,9,2023-10-19,1727.28,2023-10
45,12,2025-01-10,76.5,2025-01
46,12,2024-12-01,48.12,2024-12
47,13,2025-03-28,1074.26,2025-03
48,13,2025-02-20,560.38,2025-02
49,14,2025-03-30,124.56,2025-03
50,14,2025-02-19,114.34,2025-02
51,15,2025-03-11,170.86,2025-03
52,15,2024-10-23,3.88,2024-10
53,15,2024-12-19,69.16,2024-12
54,16,2025-01-05,409.04,2025-01
55,16,2024-08-08,37.4,2024-08
56,16,2023-09-24,286.55,2023-09
57,16,2024-11-24,1270.18,2024-11
58,16,2024-06-27,428.73,2024-06
59,16,2025-03-21,259.11,2025-03
60,17,2024-02-20,61.18,2024-02
61,17,2023-05-21,1693.64,2023-05
62,17,2023-10-22,808.04,2023-10
63,17,2025-01-21,308.18,2025-01
64,17,2025-04-05,1261.43,2025-04
65,17,2023-07-29,286.98,2023-07
66,17,2023-08-16,139.41,2023-08
67,17,2024-12-23,255.79,2024-12
68,17,2023-07-19,251.9,2023-07
69,17,2024-03-12,684.83,2024-03
70,17,2023-12-12,202.53,2023-12
71,17,2023-10-19,39.73,2023-10
72,17,2025-02-06,60.53,2025-02
73,17,2024-10-03,107.78,2024-10
74,18,2025-01-11,134.77,2025-01
75,18,2025-01-09,147.84,2025-01
76,18,2025-02-06,461.15,2025-02
77,18,2024-10-29,97.49,2024-10
78,19,2025-03-18,515.0,2025-03
79,19,2024-07-13,998.46,2024-07
80,19,2024-07-06,81.82,2024-07
81,19,2023-10-26,316.42,2023-10
82,19,2024-06-23,795.63,2024-06
83,19,2023-10-14,216.89,2023-10
84,19,2023-11-01,185.83,2023-11
85,19,2024-11-22,19.17,2024-11
86,19,2024-08-29,890.99,2024-08
87,19,2023-11-04,517.35,2023-11
88,20,2025-04-05,450.8,2025-04
89,20,2024-08-12,310.61,2024-08
90,20,2025-02-02,1542.08,2025-02
91,21,2024-10-07,1198.72,2024-10
92,21,2025-02-09,527.54,2025-02
93,23,2023-06-20,142.34,2023-06
94,23,2024-08-01,2354.49,2024-08
95,23,2024-10-28,369.86,2024-10
96,23,2023-10-20,226.2,2023-10
97,23,2024-02-24,245.04,2024-02
98,23,2024-04-21,568.0,2024-04
99,25,2023-09-04,200.01,2023-09
100,25,2025-01-20,567.19,2025-01
101,25,2024-04-14,145.17,2024-04
102,25,2025-03-07,1032.89,2025-03
103,25,2024-06-04,42.51,2024-06
104,25,2023-11-20,1242.93,2023-11
105,25,2024-05-11,1716.29,2024-05
106,26,2024-07-22,451.99,2024-07
107,26,2024-06-06,185.23,2024-06
108,26,2025-04-01,515.7,2025-04
109,26,2025-02-11,838.82,2025-02
110,26,2024-06-15,519.26,2024-06
111,26,2025-03-17,9.2,2025-03
112,26,2025-01-22,99.39,2025-01
113,27,2024-08-26,1475.08,2024-08
114,27,2025-01-21,106.6,2025-01
115,27,2024-01-30,84.18,2024-01
116,27,2024-07-10,930.32,2024-07
117,27,2023-12-24,354.32,2023-12
118,27,2025-03-17,901.27,2025-03
119,27,2025-03-04,19.24,2025-03
120,29,2024-08-24,226.51,2024-08
121,29,2024-02-29,1746.47,2024-02
122,30,2024-05-20,697.95,2024-05
123,30,2024-11-04,133.29,2024-11
124,30,2024-04-03,185.15,2024-04
125,30,2024-11-25,1171.57,2024-11
126,30,2024-02-17,229.31,2024-02
127,30,2025-03-09,2081.52,2025-03
128,30,2024-11-17,733.62,2024-11
129,30,2024-08-28,349.49,2024-08
130,30,2024-10-04,1694.66,2024-10
131,30,2024-02-23,807.88,2024-02
132,30,2023-12-22,1031.79,2023-12
133,30,2023-09-25,512.47,2023-09
134,30,2024-08-17,404.32,2024-08
135,30,2023-11-16,621.36,2023-11
136,30,2025-01-12,952.46,2025-01
137,30,2024-05-20,43.8,2024-05
138,30,2024-01-14,159.27,2024-01
139,30,2025-01-09,79.7,2025-01
140,30,2024-10-23,48.1,2024-10
141,30,2024-03-17,848.32,2024-03
142,31,2024-06-26,267.98,2024-06
143,31,2025-01-26,244.02,2025-01
144,31,2024-08-21,234.93,2024-08
145,31,2024-06-27,191.87,2024-06
146,31,2024-09-08,913.72,2024-09
147,31,2024-10-26,74.02,2024-10
148,31,2025-03-19,1246.85,2025-03
149,32,2024-09-23,711.15,2024-09
150,32,2024-05-09,1181.47,2024-05
151,32,2024-05-23,147.81,2024-05
152,32,2024-10-04,397.93,2024-10
153,32,2024-08-25,748.44,2024-08
154,32,2025-01-02,179.16,2025-01
155,32,2024-06-21,136.19,2024-06
156,33,2024-02-12,58.75,2024-02
157,33,2023-12-26,499.77,2023-12
158,33,2024-08-13,633.89,2024-08
159,33,2024-10-03,280.39,2024-10
160,33,2024-12-05,137.59,2024-12
161,33,2025-02-08,103.71,2025-02
162,33,2024-03-06,370.63,2024-03
163,33,2024-12-13,35.04,2024-12
164,34,2024-01-12,247.52,2024-01
165,34,2024-02-05,504.85,2024-02
166,34,2025-01-08,146.28,2025-01
167,34,2024-01-08,220.88,2024-01
168,34,2024-03-01,211.41,2024-03
169,34,2024-04-07,738.11,2024-04
170,34,2024-11-27,71.59,2024-11
171,34,2024-12-17,394.84,2024-12
172,34,2024-06-19,887.11,2024-06
173,35,2024-08-20,834.32,2024-08
174,35,2024-04-20,629.47,2024-04
175,35,2024-03-24,173.68,2024-03
176,35,2024-03-31,782.97,2024-03
177,35,2024-03-29,189.6,2024-03
178,35,2024-12-29,362.2,2024-12
179,35,2024-11-01,18.65,2024-11
180,35,2024-08-29,168.51,2024-08
181,35,2024-04-04,1004.21,2024-04
182,35,2025-01-20,159.56,2025-01
183,35,2025-02-26,287.19,2025-02
184,36,2024-08-23,1125.17,2024-08
185,36,2024-06-29,207.03,2024-06
186,36,2023-12-08,342.79,2023-12
187,36,2024-10-21,228.92,2024-10
188,36,2024-11-12,155.11,2024-11
189,36,2023-08-23,649.29,2023-08
190,36,2023-08-19,281.59,2023-08
191,36,2023-12-01,394.25,2023-12
192,36,2024-04-23,54.13,2024-04
193,36,2024-04-30,540.76,2024-04
194,36,2024-04-08,295.22,2024-04
195,36,2024-08-09,91.15,2024-08
196,36,2024-08-27,216.58,2024-08
197,37,2024-08-28,477.06,2024-08
198,37,2024-11-20,160.49,2024-11
199,38,2024-10-23,556.13,2024-10
200,39,2025-02-17,1526.57,2025-02
201,39,2025-01-31,944.14,2025-01
202,39,2024-10-12,67.47,2024-10
203,40,2024-10-16,464.55,2024-10
204,40,2024-11-30,426.57,2024-11
205,40,2025-01-07,13.13,2025-01
206,40,2025-03-22,345.62,2025-03
207,40,2025-01-11,151.75,2025-01
208,41,2024-12-23,120.76,2024-12
209,41,2024-07-12,592.05,2024-07
210,41,2025-02-07,111.68,2025-02
211,41,2024-02-09,958.07,2024-02
212,41,2024-12-29,94.77,2024-12
213,41,2024-12-22,2950.34,2024-12
214,42,2025-02-21,618.15,2025-02
215,42,2024-12-25,1109.73,2024-12
216,42,2024-08-11,622.07,2024-08
217,42,2024-08-28,789.2,2024-08
218,42,2024-10-18,64.69,2024-10
219,43,2025-01-26,223.84,2025-01
220,44,2024-03-09,473.31,2024-03
221,44,2024-01-25,34.0,2024-01
222,44,2024-12-09,3905.87,2024-12
223,44,2025-03-02,372.95,2025-03
224,44,2024-12-21,866.76,2024-12
225,44,2024-01-12,66.95,2024-01
226,44,2024-09-17,514.08,2024-09
227,44,2025-01-31,313.52,2025-01
228,44,2024-10-15,68.67,2024-10
229,44,2024-05-02,730.04,2024-05
230,44,2024-03-09,283.36,2024-03
231,44,2023-12-24,890.09,2023-12
232,44,2024-04-02,181.29,2024-04
233,45,2025-02-14,212.34,2025-02
234,45,2024-09-17,144.24,2024-09
235,46,2024-12-02,490.44,2024-12
236,46,2024-10-30,349.15,2024-10
237,46,2025-01-15,448.01,2025-01
238,46,2024-12-31,93.89,2024-12
239,46,2024-09-07,872.16,2024-09
240,46,2024-08-25,42.36,2024-08
241,47,2024-08-23,344.62,2024-08
242,48,2025-03-21,583.36,2025-03
243,49,2025-01-09,207.9,2025-01
244,49,2024-11-09,187.41,2024-11
245,49,2024-10-26,714.95,2024-10
246,49,2024-10-01,192.18,2024-10
247,49,2024-10-18,155.63,2024-10
248,49,2025-02-23,75.92,2025-02
249,51,2025-02-17,47.18,2025-02
250,52,2024-12-26,25.93,2024-12
251,52,2024-11-15,939.22,2024-11
252,52,2025-03-24,1070.47,2025-03
253,52,2024-12-23,255.9,2024-12
254,53,2024-11-12,38.19,2024-11
255,53,2024-11-03,872.37,2024-11
256,53,2024-05-22,68.86,2024-05
257,53,2024-04-30,250.36,2024-04
258,53,2025-01-03,408.03,2025-01
259,54,2023-12-20,110.98,2023-12
260,54,2024-12-28,256.57,2024-12
261,54,2023-09-05,23.18,2023-09
262,54,2023-12-13,625.17,2023-12
263,54,2024-11-22,366.29,2024-11
264,54,2023-12-25,466.03,2023-12
265,54,2025-01-03,75.28,2025-01
266,54,2024-06-16,88.67,2024-06
267,54,2024-05-27,450.36,2024-05
268,54,2024-12-26,880.97,2024-12
269,55,2024-07-27,229.72,2024-07
270,55,2024-10-30,1953.47,2024-10
271,55,2024-08-06,454.3,2024-08
272,55,2025-04-07,1706.7,2025-04
273,55,2025-02-28,638.99,2025-02
274,56,2023-10-18,371.41,2023-10
275,56,2025-01-20,744.95,2025-01
276,56,2024-05-20,79.95,2024-05
277,56,2025-03-24,138.67,2025-03
278,56,2024-12-03,1480.23,2024-12
279,56,2023-08-17,105.84,2023-08
280,56,2024-07-21,188.21,2024-07
281,56,2023-09-29,266.33,2023-09
282,56,2023-11-21,264.14,2023-11
283,56,2025-01-12,1266.13,2025-01
284,56,2023-06-29,611.71,2023-06
285,56,2024-10-09,116.18,2024-10
286,56,2024-03-24,3139.01,2024-03
287,56,2024-08-28,372.72,2024-08
288,56,2024-03-13,1569.63,2024-03
289,56,2024-08-09,1215.92,2024-08
290,57,2024-10-09,563.3,2024-10
291,57,2024-07-09,470.9,2024-07
292,57,2024-04-26,1577.22,2024-04
293,57,2024-07-24,408.32,2024-07
294,57,2024-05-30,1419.24,2024-05
295,57,2024-08-12,737.4,2024-08
296,59,2024-07-30,64.98,2024-07
297,59,2024-11-01,1130.53,2024-11
298,59,2024-11-17,852.91,2024-11
299,59,2024-03-07,171.56,2024-03
300,59,2024-07-30,1554.04,2024-07
301,59,2023-12-29,212.6,2023-12
302,59,2025-01-04,533.52,2025-01
303,60,2025-01-22,112.87,2025-01
304,60,2025-03-21,1351.71,2025-03
305,60,2025-03-22,73.83,2025-03
306,60,2025-02-17,138.84,2025-02
307,60,2025-02-03,507.98,2025-02
308,60,2024-08-09,52.79,2024-08
309,60,2024-09-27,571.58,2024-09
310,60,2024-11-04,2.6,2024-11
311,61,2023-10-02,261.2,2023-10
312,61,2024-08-23,324.52,2024-08
313,61,2023-11-14,705.11,2023-11
314,61,2024-02-12,193.69,2024-02
315,61,2025-02-13,30.49,2025-02
316,61,2023-07-24,528.21,2023-07
317,61,2023-12-17,383.02,2023-12
318,61,2023-06-01,1222.25,2023-06
319,61,2023-10-20,270.54,2023-10
320,61,2023-10-21,1358.46,2023-10
321,61,2023-05-31,2934.06,2023-05
322,61,2024-06-03,775.49,2024-06
323,61,2023-10-31,1379.21,2023-10
324,61,2024-02-14,1046.74,2024-02
325,61,2023-05-03,177.19,2023-05
326,61,2024-12-31,56.75,2024-12
327,61,2024-04-01,167.43,2024-04
328,61,2025-02-08,391.86,2025-02
329,62,2025-01-08,952.1,2025-01
330,62,2025-03-09,827.25,2025-03
331,62,2025-02-06,656.74,2025-02
332,62,2025-03-02,7.09,2025-03
333,62,2025-03-09,96.49,2025-03
334,63,2024-12-01,198.69,2024-12
335,63,2024-08-06,553.21,2024-08
336,63,2023-12-29,2000.02,2023-12
337,63,2024-10-23,195.49,2024-10
338,63,2024-03-03,3.43,2024-03
339,63,2024-07-19,134.28,2024-07
340,63,2024-03-22,1539.94,2024-03
341,63,2024-04-27,436.69,2024-04
342,63,2025-01-29,5.75,2025-01
343,63,2024-06-25,590.08,2024-06
344,63,2023-08-25,550.99,2023-08
345,63,2024-10-11,183.22,2024-10
346,63,2024-08-11,579.3,2024-08
347,64,2024-11-23,509.04,2024-11
348,64,2025-03-09,123.67,2025-03
349,64,2024-12-09,325.22,2024-12
350,65,2025-01-22,372.75,2025-01
351,65,2025-01-18,1245.93,2025-01
352,66,2024-10-29,882.39,2024-10
353,66,2025-03-22,425.14,2025-03
354,66,2025-01-27,89.88,2025-01
355,67,2025-03-23,570.18,2025-03
356,67,2025-02-25,1145.77,2025-02
357,67,2025-01-19,302.05,2025-01
358,67,2025-01-22,409.13,2025-01
359,67,2024-12-16,252.05,2024-12
360,67,2024-11-27,684.83,2024-11
361,68,2025-03-07,275.56,2025-03
362,68,2025-03-26,389.53,2025-03
363,69,2024-12-28,2139.27,2024-12
364,70,2025-02-01,262.86,2025-02
365,70,2024-08-30,725.85,2024-08
366,71,2024-08-12,2470.78,2024-08
367,71,2024-08-20,297.59,2024-08
368,71,2024-08-15,235.52,2024-08
369,71,2025-01-28,71.35,2025-01
370,71,2024-07-16,63.14,2024-07
371,71,2025-01-26,249.66,2025-01
372,71,2023-12-03,650.72,2023-12
373,71,2024-03-10,900.36,2024-03
374,71,2023-08-18,1919.63,2023-08
375,71,2024-11-11,559.66,2024-11
376,71,2025-02-02,275.93,2025-02
377,71,2024-08-17,866.82,2024-08
378,72,2024-12-09,212.45,2024-12
379,72,2024-06-03,104.42,2024-06
380,72,2023-12-19,16.37,2023-12
381,72,2024-10-28,477.16,2024-10
382,72,2023-09-11,137.66,2023-09
383,72,2023-11-02,53.18,2023-11
384,72,2023-09-29,295.69,2023-09
385,73,2025-01-05,674.58,2025-01
386,74,2024-06-09,388.0,2024-06
387,74,2023-12-10,75.49,2023-12
388,74,2024-08-05,133.39,2024-08
389,74,2024-09-04,430.75,2024-09
390,74,2024-09-06,135.19,2024-09
391,74,2024-03-08,2123.59,2024-03
392,74,2025-03-30,124.9,2025-03
393,74,2024-08-16,160.9,2024-08
394,74,2024-04-10,491.74,2024-04
395,74,2024-12-24,405.8,2024-12
396,74,2023-12-01,1792.99,2023-12
397,75,2025-01-31,191.9,2025-01
398,75,2024-10-12,262.34,2024-10
399,75,2024-06-15,236.17,2024-06
400,75,2025-02-13,320.77,2025-02
401,75,2024-03-30,178.86,2024-03
402,75,2024-01-07,819.37,2024-01
403,75,2023-10-11,413.21,2023-10
404,75,2024-10-12,407.42,2024-10
405,75,2023-12-28,245.85,2023-12
406,75,2024-04-30,113.66,2024-04
407,75,2023-11-01,1276.97,2023-11
408,76,2024-09-07,383.54,2024-09
409,76,2024-12-17,26.46,2024-12
410,76,2024-07-15,1034.23,2024-07
411,76,2024-12-14,816.48,2024-12
412,76,2025-01-13,326.38,2025-01
413,77,2024-04-05,1573.51,2024-04
414,77,2023-06-15,119.01,2023-06
415,77,2023-12-11,1636.11,2023-12
416,77,2023-09-28,686.94,2023-09
417,77,2024-10-02,1229.28,2024-10
418,77,2025-02-07,608.31,2025-02
419,77,2024-07-10,1233.3,2024-07
420,77,2024-12-16,194.02,2024-12
421,77,2024-03-15,239.55,2024-03
422,77,2024-11-27,523.09,2024-11
423,78,2024-08-17,222.87,2024-08
424,78,2025-03-15,51.91,2025-03
425,78,2025-03-18,716.96,2025-03
426,78,2024-10-16,1228.63,2024-10
427,78,2024-12-07,187.65,2024-12
428,78,2024-01-09,413.37,2024-01
429,78,2024-07-07,675.95,2024-07
430,78,2023-12-10,151.08,2023-12
431,79,2025-01-08,82.68,2025-01
432,79,2025-02-12,130.69,2025-02
433,79,2024-11-18,345.88,2024-11
434,79,2025-02-20,148.75,2025-02
435,79,2024-08-31,659.83,2024-08
436,79,2025-03-07,92.72,2025-03
437,79,2024-09-16,1243.85,2024-09
438,80,2024-01-21,913.39,2024-01
439,81,2023-09-28,722.68,2023-09
440,81,2024-10-05,73.96,2024-10
441,82,2023-11-21,614.08,2023-11
442,82,2023-09-22,123.41,2023-09
443,82,2024-12-22,233.56,2024-12
444,82,2025-01-19,538.35,2025-01
445,83,2024-02-22,379.87,2024-02
446,84,2023-07-21,8.43,2023-07
447,84,2024-04-15,383.65,2024-04
448,84,2024-04-27,8.65,2024-04
449,84,2024-09-21,820.38,2024-09
450,84,2024-01-08,56.59,2024-01
451,84,2023-10-15,371.57,2023-10
452,84,2024-03-11,106.55,2024-03
453,84,2024-12-29,145.46,2024-12
454,84,2024-07-05,155.53,2024-07
455,84,2024-08-18,41.16,2024-08
456,84,2024-08-27,307.17,2024-08
457,84,2024-03-14,2314.37,2024-03
458,85,2024-09-01,576.07,2024-09
459,85,2024-01-20,530.28,2024-01
460,85,2023-12-01,49.08,2023-12
461,85,2024-11-21,236.74,2024-11
462,85,2025-02-28,28.88,2025-02
463,85,2023-11-08,606.75,2023-11
464,85,2024-01-22,346.43,2024-01
465,86,2024-07-02,417.19,2024-07
466,86,2023-11-03,1125.9,2023-11
467,86,2023-09-10,130.53,2023-09
468,86,2025-02-28,322.66,2025-02
469,86,2023-09-14,1289.56,2023-09
470,86,2024-05-11,1147.86,2024-05
471,86,2025-02-25,536.63,2025-02
472,86,2024-01-28,1320.9,2024-01
473,86,2024-06-15,7.89,2024-06
474,86,2024-02-26,442.2,2024-02
475,87,2024-05-23,177.82,2024-05
476,87,2024-11-07,418.16,2024-11
477,87,2025-02-08,242.13,2025-02
478,87,2024-07-27,781.51,2024-07
479,87,2024-05-25,347.37,2024-05
480,87,2025-02-23,27.6,2025-02
481,87,2024-10-29,912.17,2024-10
482,88,2025-04-03,252.67,2025-04
483,88,2024-07-02,15.04,2024-07
484,88,2024-05-08,765.19,2024-05
485,88,2024-11-06,337.26,2024-11
486,88,2024-08-01,402.64,2024-08
487,88,2024-08-21,282.68,2024-08
488,88,2025-03-24,540.39,2025-03
489,88,2023-10-29,739.57,2023-10
490,89,2024-10-26,624.33,2024-10
491,89,2024-05-11,155.97,2024-05
492,89,2025-03-12,621.84,2025-03
493,89,2024-07-23,672.87,2024-07
494,89,2025-01-06,223.69,2025-01
495,89,2024-05-20,2.6,2024-05
496,89,2024-12-28,294.16,2024-12
497,89,2024-11-19,53.92,2024-11
498,89,2024-05-16,103.75,2024-05
499,90,2024-06-03,13.31,2024-06
500,90,2025-02-15,403.96,2025-02
501,90,2025-01-16,996.52,2025-01
502,90,2024-03-02,172.55,2024-03
503,90,2025-03-22,755.18,2025-03
504,90,2024-10-24,424.27,2024-10
505,90,2024-08-10,578.09,2024-08
506,90,2024-08-10,74.74,2024-08
507,91,2024-06-19,339.74,2024-06
508,91,2023-11-22,91.49,2023-11
509,91,2024-06-27,273.31,2024-06
510,91,2025-01-26,763.16,2025-01
511,91,2024-09-22,144.98,2024-09
512,91,2024-05-28,638.09,2024-05
513,91,2025-02-07,450.46,2025-02
514,91,2024-04-06,306.12,2024-04
515,91,2024-02-04,181.68,2024-02
516,91,2024-10-28,201.9,2024-10
517,92,2024-10-17,178.65,2024-10
518,92,2024-12-22,326.01,2024-12
519,92,2024-11-28,1670.16,2024-11
520,92,2025-03-25,663.78,2025-03
521,92,2025-02-03,197.18,2025-02
522,92,2025-03-14,847.76,2025-03
523,93,2024-05-20,1344.62,2024-05
524,93,2024-08-16,448.52,2024-08
525,93,2024-07-27,572.4,2024-07
526,93,2024-02-21,1528.85,2024-02
527,93,2024-08-26,288.53,2024-08
528,93,2024-11-18,889.76,2024-11
529,93,2024-04-04,854.53,2024-04
530,93,2025-03-18,558.86,2025-03
531,95,2024-07-25,778.13,2024-07
532,95,2023-08-02,298.07,2023-08
533,95,2025-01-20,326.23,2025-01
534,95,2024-07-02,382.18,2024-07
535,96,2024-06-24,782.04,2024-06
536,96,2024-08-13,57.91,2024-08
537,96,2025-01-27,535.89,2025-01
538,96,2024-11-04,520.64,2024-11
539,96,2024-07-02,414.16,2024-07
540,97,2025-02-08,1686.55,2025-02
541,97,2024-06-22,5.3,2024-06
542,97,2024-11-25,125.52,2024-11
543,97,2024-10-18,295.1,2024-10
544,98,2025-03-08,329.63,2025-03
545,99,2024-07-17,640.06,2024-07
546,99,2024-08-01,192.03,2024-08
547,99,2024-02-27,22.86,2024-02
548,100,2024-10-12,945.83,2024-10
549,100,2025-01-08,565.27,2025-01
550,100,2025-03-06,1329.08,2025-03
551,102,2024-06-28,496.8,2024-06
552,102,2023-11-17,511.49,2023-11
553,102,2024-07-26,251.74,2024-07
554,102,2025-01-28,1073.21,2025-01
555,102,2024-08-13,448.49,2024-08
556,102,2024-06-12,2.23,2024-06
557,102,2023-12-16,115.2,2023-12
558,103,2024-09-13,803.48,2024-09
559,104,2025-02-15,197.25,2025-02
560,104,2024-06-02,152.15,2024-06
561,105,2024-12-22,472.48,2024-12
562,105,2024-03-16,213.8,2024-03
563,105,2025-03-03,480.33,2025-03
564,105,2024-09-20,1254.7,2024-09
565,105,2024-02-15,557.54,2024-02
566,105,2024-10-06,62.7,2024-10
567,106,2023-08-15,101.09,2023-08
568,106,2025-03-28,76.2,2025-03
569,106,2024-05-19,270.85,2024-05
570,106,2023-09-06,427.6,2023-09
571,106,2024-06-24,102.75,2024-06
572,106,2025-01-27,385.42,2025-01
573,106,2025-02-06,1334.62,2025-02
574,106,2023-10-12,404.74,2023-10
575,106,2024-08-31,170.43,2024-08
576,106,2023-10-26,188.86,2023-10
577,107,2025-01-31,27.55,2025-01
578,107,2024-05-09,1516.63,2024-05
579,107,2024-09-15,73.4,2024-09
580,107,2024-06-04,1659.75,2024-06
581,107,2024-10-06,529.32,2024-10
582,107,2024-06-29,577.11,2024-06
583,107,2024-07-06,619.18,2024-07
584,107,2024-08-04,335.4,2024-08
585,107,2023-07-31,416.66,2023-07
586,107,2023-12-19,172.72,2023-12
587,107,2024-02-13,127.35,2024-02
588,107,2024-02-27,92.09,2024-02
589,107,2024-08-18,416.95,2024-08
590,107,2024-09-26,398.95,2024-09
591,107,2023-08-31,425.15,2023-08
592,108,2024-07-21,713.57,2024-07
593,108,2025-01-18,2291.5,2025-01
594,108,2024-09-21,665.88,2024-09
595,109,2024-12-21,298.68,2024-12
596,109,2025-02-15,289.08,2025-02
597,109,2025-03-18,747.23,2025-03
598,111,2024-11-08,454.23,2024-11
599,111,2024-07-16,195.52,2024-07
600,111,2024-11-20,170.78,2024-11
601,111,2024-10-25,1522.43,2024-10
602,111,2024-05-02,72.85,2024-05
603,111,2025-03-22,1255.23,2025-03
604,111,2024-11-04,1008.88,2024-11
605,111,2024-06-03,604.37,2024-06
606,111,2024-06-09,143.63,2024-06
607,111,2024-12-20,881.53,2024-12
608,111,2025-03-03,336.14,2025-03
609,112,2024-09-16,235.14,2024-09
610,112,2023-10-05,502.05,2023-10
611,112,2023-10-23,257.79,2023-10
612,112,2024-04-29,593.24,2024-04
613,112,2024-07-31,303.21,2024-07
614,112,2024-11-30,198.22,2024-11
615,112,2023-07-22,1015.93,2023-07
616,112,2023-10-23,656.4,2023-10
617,113,2024-12-16,794.03,2024-12
618,114,2024-05-10,417.52,2024-05
619,114,2024-12-14,1122.89,2024-12
620,114,2024-02-16,23.52,2024-02
621,114,2024-01-14,66.33,2024-01
622,114,2024-06-07,291.06,2024-06
623,114,2023-12-29,2404.15,2023-12
624,114,2025-03-11,113.02,2025-03
625,114,2024-05-12,1069.16,2024-05
626,114,2024-11-02,86.57,2024-11
627,114,2024-10-04,48.99,2024-10
628,114,2025-01-01,144.1,2025-01
629,114,2025-01-12,546.08,2025-01
630,114,2024-06-15,26.59,2024-06
631,115,2024-12-12,608.19,2024-12
632,115,2024-09-11,120.03,2024-09
633,115,2024-11-28,71.19,2024-11
634,116,2024-11-21,4.05,2024-11
635,116,2025-03-15,2217.92,2025-03
636,116,2025-03-27,324.76,2025-03
637,116,2025-02-11,656.08,2025-02
638,116,2025-02-24,54.46,2025-02
639,116,2025-04-01,241.22,2025-04
640,116,2025-03-28,513.02,2025-03
641,117,2024-01-14,378.05,2024-01
642,117,2023-11-13,471.21,2023-11
643,117,2024-04-21,290.0,2024-04
644,117,2024-06-10,494.54,2024-06
645,117,2024-04-08,1262.2,2024-04
646,118,2025-01-25,45.34,2025-01
647,118,2024-09-27,75.42,2024-09
648,118,2024-10-21,445.28,2024-10
649,118,2024-11-07,142.37,2024-11
650,118,2024-09-11,142.62,2024-09
651,118,2025-04-04,754.73,2025-04
652,118,2024-07-14,941.58,2024-07
653,120,2024-10-05,341.49,2024-10
654,120,2024-05-28,137.93,2024-05
655,121,2025-03-01,375.69,2025-03
656,121,2024-12-31,2166.91,2024-12
657,121,2025-03-03,8.42,2025-03
658,121,2025-02-26,6.94,2025-02
659,121,2025-01-28,1279.25,2025-01
660,122,2025-03-03,275.46,2025-03
661,122,2025-02-17,43.01,2025-02
662,122,2024-06-07,162.5,2024-06
663,122,2024-11-15,41.16,2024-11
664,122,2024-07-29,1830.89,2024-07
665,122,2024-06-10,384.36,2024-06
666,122,2025-02-06,441.47,2025-02
667,122,2024-03-10,185.65,2024-03
668,122,2025-03-25,654.59,2025-03
669,122,2024-09-03,29.83,2024-09
670,122,2024-03-31,1292.66,2024-03
671,123,2025-01-04,473.76,2025-01
672,123,2023-11-23,185.02,2023-11
673,123,2024-03-25,63.6,2024-03
674,124,2025-03-27,5.71,2025-03
675,124,2024-08-29,1528.98,2024-08
676,124,2024-09-25,364.1,2024-09
677,124,2023-12-30,91.34,2023-12
678,124,2023-08-16,692.7,2023-08
679,125,2025-02-23,203.99,2025-02
680,125,2025-03-30,152.55,2025-03
681,126,2024-09-23,357.47,2024-09
682,126,2023-08-10,346.18,2023-08
683,126,2025-01-15,91.29,2025-01
684,126,2023-11-23,147.26,2023-11
685,126,2023-09-28,1123.43,2023-09
686,126,2023-10-11,129.65,2023-10
687,126,2024-11-17,1.29,2024-11
688,126,2023-06-27,140.22,2023-06
689,126,2024-10-10,226.26,2024-10
690,126,2023-11-15,98.59,2023-11
691,126,2023-07-21,402.45,2023-07
692,126,2024-08-17,127.13,2024-08
693,126,2024-02-24,269.15,2024-02
694,126,2024-05-07,158.22,2024-05
695,128,2023-07-14,98.83,2023-07
696,128,2024-10-31,1992.67,2024-10
697,128,2024-07-05,35.71,2024-07
698,128,2024-09-09,1005.08,2024-09
699,128,2024-04-04,198.23,2024-04
700,128,2024-12-08,305.09,2024-12
701,128,2024-06-02,111.99,2024-06
702,128,2024-12-19,767.41,2024-12
703,128,2025-02-17,138.92,2025-02
704,128,2024-06-02,447.87,2024-06
705,128,2024-10-08,3056.73,2024-10
706,128,2023-12-08,659.25,2023-12
707,128,2024-12-01,714.56,2024-12
708,128,2024-01-28,81.59,2024-01
709,128,2024-07-14,12.1,2024-07
710,128,2024-11-26,212.65,2024-11
711,129,2024-09-18,0.73,2024-09
712,130,2024-10-16,114.83,2024-10
713,130,2025-03-02,272.2,2025-03
714,130,2024-09-01,1797.86,2024-09
715,130,2024-11-24,621.79,2024-11
716,130,2024-10-05,22.45,2024-10
717,130,2025-02-24,1137.91,2025-02
718,130,2024-09-26,434.67,2024-09
719,131,2023-12-10,506.97,2023-12
720,131,2024-09-02,38.89,2024-09
721,131,2025-02-27,32.15,2025-02
722,131,2023-12-07,135.1,2023-12
723,131,2024-04-19,951.61,2024-04
724,131,2024-09-01,603.2,2024-09
725,131,2024-06-25,191.41,2024-06
726,131,2024-04-30,133.03,2024-04
727,131,2024-02-19,73.16,2024-02
728,131,2025-03-16,57.69,2025-03
729,131,2023-11-12,89.79,2023-11
730,131,2024-11-15,188.46,2024-11
731,131,2023-11-27,383.85,2023-11
732,131,2024-02-24,300.66,2024-02
733,131,2024-11-12,153.95,2024-11
734,131,2023-11-26,47.39,2023-11
735,132,2025-03-02,121.05,2025-03
736,133,2025-04-05,1519.28,2025-04
737,134,2023-11-05,64.74,2023-11
738,134,2023-08-17,887.07,2023-08
739,134,2024-01-28,70.04,2024-01
740,134,2024-07-29,232.8,2024-07
741,135,2025-02-20,441.09,2025-02
742,135,2023-09-19,11.02,2023-09
743,135,2023-09-09,110.17,2023-09
744,136,2025-02-15,48.24,2025-02
745,136,2025-02-09,21.82,2025-02
746,136,2024-11-27,91.95,2024-11
747,136,2024-11-06,241.22,2024-11
748,136,2025-04-01,218.43,2025-04
749,137,2024-12-28,17.63,2024-12
750,137,2025-04-06,521.04,2025-04
751,137,2024-09-29,45.91,2024-09
752,137,2024-12-16,271.7,2024-12
753,138,2025-01-03,2273.62,2025-01
754,138,2025-01-10,192.01,2025-01
755,138,2025-01-14,1130.55,2025-01
756,138,2025-02-12,826.84,2025-02
757,139,2025-03-02,221.14,2025-03
758,139,2024-05-02,1824.44,2024-05
759,139,2023-12-18,142.41,2023-12
760,139,2024-05-10,154.98,2024-05
761,139,2023-11-03,722.07,2023-11
762,139,2024-04-18,428.65,2024-04
763,139,2024-10-08,219.1,2024-10
764,139,2024-03-02,96.85,2024-03
765,139,2024-07-28,820.49,2024-07
766,139,2024-09-08,1226.59,2024-09
767,139,2023-10-05,607.77,2023-10
768,139,2024-09-01,1474.03,2024-09
769,139,2025-04-06,76.64,2025-04
770,140,2025-04-05,47.3,2025-04
771,141,2025-04-04,10.06,2025-04
772,141,2024-08-23,201.53,2024-08
773,141,2025-03-17,821.1,2025-03
774,141,2025-02-20,1255.3,2025-02
775,141,2024-10-22,11.08,2024-10
776,141,2025-01-15,744.42,2025-01
777,141,2024-11-05,233.88,2024-11
778,141,2024-12-04,205.16,2024-12
779,142,2024-11-24,659.04,2024-11
780,143,2024-06-19,614.1,2024-06
781,143,2024-12-23,126.31,2024-12
782,143,2024-06-20,237.72,2024-06
783,143,2024-10-20,68.11,2024-10
784,143,2023-12-25,1485.89,2023-12
785,144,2025-01-31,100.5,2025-01
786,144,2025-03-18,135.9,2025-03
787,145,2024-11-05,862.04,2024-11
788,146,2024-03-15,117.66,2024-03
789,147,2024-12-04,148.3,2024-12
790,147,2024-03-31,637.22,2024-03
791,147,2024-01-30,243.83,2024-01
792,148,2025-02-21,882.48,2025-02
793,149,2024-08-22,174.71,2024-08
794,150,2024-06-08,209.13,2024-06
795,150,2024-09-05,658.36,2024-09
796,151,2024-12-15,450.74,2024-12
797,153,2024-11-04,27.52,2024-11
798,153,2024-12-24,1832.55,2024-12
799,154,2025-02-26,249.53,2025-02
800,154,2025-03-03,223.79,2025-03
801,154,2025-04-06,174.46,2025-04
802,155,2025-02-26,115.94,2025-02
803,156,2025-03-23,318.33,2025-03
804,156,2024-11-07,47.78,2024-11
805,156,2025-03-12,102.21,2025-03
806,156,2025-03-06,230.54,2025-03
807,156,2024-03-26,152.78,2024-03
808,156,2024-11-05,128.25,2024-11
809,157,2024-10-31,81.93,2024-10
810,157,2024-12-06,44.8,2024-12
811,159,2024-11-12,323.38,2024-11
812,159,2024-06-04,251.1,2024-06
813,159,2024-04-20,348.68,2024-04
814,159,2024-08-13,64.08,2024-08
815,159,2024-09-09,1488.57,2024-09
816,159,2024-09-03,1790.73,2024-09
817,159,2024-09-29,67.44,2024-09
818,159,2024-06-04,2223.23,2024-06
819,159,2024-10-08,2951.59,2024-10
820,159,2024-08-14,898.21,2024-08
821,159,2024-12-05,192.65,2024-12
822,160,2025-02-10,245.59,2025-02
823,161,2025-04-03,366.66,2025-04
824,161,2024-07-07,772.18,2024-07
825,161,2024-10-18,267.6,2024-10
826,161,2024-11-23,418.04,2024-11
827,161,2024-10-05,1294.65,2024-10
828,162,2024-07-11,1010.49,2024-07
829,162,2024-09-09,1051.43,2024-09
830,162,2024-06-19,241.48,2024-06
831,162,2025-02-01,424.34,2025-02
832,163,2024-08-16,94.49,2024-08
833,163,2024-12-03,481.49,2024-12
834,163,2024-08-17,251.92,2024-08
835,163,2025-03-09,25.27,2025-03
836,163,2024-07-29,206.14,2024-07
837,164,2024-08-02,1796.72,2024-08
838,164,2024-12-13,72.16,2024-12
839,164,2025-03-18,156.96,2025-03
840,165,2024-06-21,291.44,2024-06
841,165,2025-01-31,675.36,2025-01
842,166,2024-07-13,362.08,2024-07
843,166,2024-10-26,33.93,2024-10
844,166,2024-10-02,758.24,2024-10
845,166,2024-06-15,95.42,2024-06
846,166,2024-12-08,906.93,2024-12
847,166,2025-01-27,16.82,2025-01
848,166,2024-07-07,1250.71,2024-07
849,167,2024-02-29,229.71,2024-02
850,167,2024-09-11,351.73,2024-09
851,167,2025-03-05,1282.45,2025-03
852,167,2023-06-25,138.5,2023-06
853,167,2024-10-06,450.75,2024-10
854,167,2023-11-22,1615.99,2023-11
855,168,2024-12-22,210.99,2024-12
856,168,2024-09-19,691.07,2024-09
857,168,2024-03-31,167.78,2024-03
858,168,2025-01-28,25.46,2025-01
859,168,2024-08-05,972.84,2024-08
860,168,2024-08-16,566.13,2024-08
861,168,2024-09-30,527.18,2024-09
862,168,2024-01-19,999.87,2024-01
863,168,2024-01-08,321.32,2024-01
864,169,2024-07-15,459.57,2024-07
865,169,2024-01-28,126.65,2024-01
866,169,2024-11-27,623.68,2024-11
867,171,2025-03-01,253.05,2025-03
868,171,2023-09-14,3.69,2023-09
869,171,2024-06-19,412.15,2024-06
870,171,2025-01-30,469.59,2025-01
871,171,2024-04-02,576.66,2024-04
872,171,2024-10-07,32.98,2024-10
873,171,2024-03-11,511.65,2024-03
874,171,2024-03-11,151.33,2024-03
875,171,2025-03-30,177.47,2025-03
876,171,2023-11-02,364.17,2023-11
877,171,2024-02-03,1149.73,2024-02
878,171,2025-02-05,258.84,2025-02
879,171,2024-04-24,570.9,2024-04
880,171,2023-06-28,532.69,2023-06
881,171,2024-03-30,150.17,2024-03
882,172,2025-01-14,437.36,2025-01
883,173,2025-03-30,933.52,2025-03
884,173,2024-11-28,173.92,2024-11
885,173,2024-10-05,675.31,2024-10
886,173,2024-11-30,1468.01,2024-11
887,173,2024-08-26,125.68,2024-08
888,173,2025-01-10,681.7,2025-01
889,173,2025-04-06,272.77,2025-04
890,173,2025-02-17,440.43,2025-02
891,174,2024-11-26,27.59,2024-11
892,174,2025-03-22,434.12,2025-03
893,175,2025-03-13,347.05,2025-03
894,176,2024-11-20,177.16,2024-11
895,176,2023-07-22,1023.39,2023-07
896,176,2023-10-29,73.88,2023-10
897,176,2023-12-19,209.78,2023-12
898,176,2024-12-31,1116.74,2024-12
899,176,2024-09-07,77.29,2024-09
900,176,2023-11-28,754.66,2023-11
901,176,2024-10-08,202.2,2024-10
902,176,2023-11-25,188.01,2023-11
903,176,2023-07-26,2.36,2023-07
904,176,2024-03-03,117.47,2024-03
905,176,2023-11-16,429.34,2023-11
906,176,2023-11-06,336.26,2023-11
907,178,2024-03-26,19.23,2024-03
908,178,2024-10-12,655.89,2024-10
909,178,2024-04-05,1112.84,2024-04
910,178,2024-10-03,9.04,2024-10
911,178,2024-03-26,492.67,2024-03
912,178,2024-12-01,128.26,2024-12
913,178,2025-03-09,187.05,2025-03
914,178,2024-07-05,241.89,2024-07
915,180,2024-02-22,209.83,2024-02
916,180,2025-02-20,222.56,2025-02
917,180,2024-04-17,90.09,2024-04
918,180,2024-11-24,9.65,2024-11
919,180,2024-05-24,649.45,2024-05
920,180,2024-02-19,118.62,2024-02
921,180,2023-10-30,445.42,2023-10
922,180,2024-03-29,65.72,2024-03
923,180,2023-11-15,235.16,2023-11
924,180,2024-06-25,737.56,2024-06
925,181,2024-08-23,450.61,2024-08
926,181,2024-08-23,542.31,2024-08
927,181,2024-07-25,24.72,2024-07
928,181,2024-10-31,269.59,2024-10
929,181,2024-11-08,396.24,2024-11
930,181,2024-12-08,115.02,2024-12
931,181,2024-07-14,179.14,2024-07
932,181,2024-10-16,543.07,2024-10
933,181,2025-04-07,487.49,2025-04
934,181,2024-11-22,271.35,2024-11
935,181,2024-10-20,358.29,2024-10
936,182,2024-10-16,60.53,2024-10
937,182,2024-04-18,344.32,2024-04
938,182,2024-07-23,752.45,2024-07
939,183,2024-12-11,397.19,2024-12
940,183,2024-11-03,6.42,2024-11
941,183,2025-01-31,1186.93,2025-01
942,184,2024-01-18,755.99,2024-01
943,184,2024-01-02,642.89,2024-01
944,184,2024-01-29,1175.78,2024-01
945,184,2024-06-10,305.09,2024-06
946,185,2025-01-01,312.07,2025-01
947,185,2024-07-17,838.8,2024-07
948,185,2024-05-16,956.11,2024-05
949,185,2025-02-20,277.56,2025-02
950,185,2024-08-02,49.91,2024-08
951,185,2024-05-22,4.86,2024-05
952,185,2024-08-25,544.36,2024-08
953,185,2024-09-27,199.24,2024-09
954,186,2025-03-15,1053.82,2025-03
955,186,2024-09-17,233.1,2024-09
956,186,2024-12-18,60.42,2024-12
957,186,2025-03-19,903.06,2025-03
958,186,2024-12-01,59.99,2024-12
959,186,2024-08-13,1996.87,2024-08
960,188,2024-10-26,472.5,2024-10
961,188,2024-05-23,992.34,2024-05
962,188,2024-09-04,329.93,2024-09
963,188,2024-08-17,1092.82,2024-08
964,188,2024-06-10,32.72,2024-06
965,188,2025-03-11,6.22,2025-03
966,189,2025-02-16,366.05,2025-02
967,189,2024-06-12,283.56,2024-06
968,189,2024-11-16,328.82,2024-11
969,190,2025-03-28,913.28,2025-03
970,190,2024-12-21,5.86,2024-12
971,190,2025-04-05,352.17,2025-04
972,190,2025-01-11,696.02,2025-01
973,192,2025-02-26,54.15,2025-02
974,194,2024-04-29,784.59,2024-04
975,196,2025-04-05,712.14,2025-04
976,196,2024-12-29,208.79,2024-12
977,196,2025-02-11,1135.92,2025-02
978,197,2024-08-31,471.9,2024-08
979,197,2024-06-24,64.34,2024-06
980,197,2025-01-20,121.41,2025-01
981,197,2024-06-27,630.78,2024-06
982,199,2024-03-23,739.52,2024-03
983,199,2025-02-21,305.68,2025-02
984,199,2024-04-03,1660.1,2024-04
985,199,2023-11-22,377.9,2023-11
986,199,2024-01-06,402.85,2024-01
987,199,2025-02-03,912.6,2025-02
988,199,2025-03-26,1290.96,2025-03
989,199,2024-05-17,588.53,2024-05
990,199,2024-05-13,655.58,2024-05
991,199,2024-03-28,54.66,2024-03
992,199,2024-10-12,350.7,2024-10
993,199,2024-12-15,271.21,2024-12
994,200,2024-09-02,253.64,2024-09
995,200,2024-11-12,1761.54,2024-11
996,200,2025-03-04,816.86,2025-03
997,200,2024-04-16,266.15,2024-04
998,200,2024-09-28,925.99,2024-09
999,201,2024-10-20,112.13,2024-10
1000,201,2025-01-03,580.16,2025-01
1001,201,2024-07-25,1990.57,2024-07
1002,201,2024-09-10,350.48,2024-09
1003,202,2023-09-24,715.18,2023-09
1004,202,2024-12-24,327.32,2024-12
1005,202,2025-01-02,1429.5,2025-01
1006,202,2024-07-29,560.8,2024-07
1007,202,2024-11-25,168.39,2024-11
1008,202,2024-08-03,825.92,2024-08
1009,202,2024-11-14,56.29,2024-11
1010,202,2024-06-22,78.52,2024-06
1011,204,2025-01-14,914.36,2025-01
1012,205,2025-01-05,16.42,2025-01
1013,205,2024-10-06,54.06,2024-10
1014,205,2025-01-26,1000.65,2025-01
1015,205,2025-01-25,246.24,2025-01
1016,205,2024-12-05,766.95,2024-12
1017,206,2023-09-30,1305.13,2023-09
1018,206,2024-09-12,269.41,2024-09
1019,206,2024-06-28,1688.25,2024-06
1020,206,2023-10-07,6.53,2023-10
1021,206,2024-04-26,113.51,2024-04
1022,206,2024-11-08,885.93,2024-11
1023,207,2025-02-24,103.5,2025-02
1024,208,2024-09-28,20.74,2024-09
1025,208,2024-06-19,406.64,2024-06
1026,208,2024-01-19,87.73,2024-01
1027,208,2024-05-26,2.83,2024-05
1028,209,2025-02-11,83.44,2025-02
1029,209,2025-02-23,742.86,2025-02
1030,209,2025-03-17,766.31,2025-03
1031,210,2024-12-24,124.21,2024-12
1032,210,2024-01-09,367.62,2024-01
1033,210,2024-12-03,86.8,2024-12
1034,210,2025-01-11,385.05,2025-01
1035,210,2023-10-07,214.93,2023-10
1036,210,2024-02-08,544.33,2024-02
1037,210,2024-06-08,223.77,2024-06
1038,210,2024-02-13,1500.96,2024-02
1039,210,2025-03-29,378.04,2025-03
1040,210,2025-01-29,867.75,2025-01
1041,211,2024-12-21,552.73,2024-12
1042,212,2024-09-28,1174.3,2024-09
1043,212,2024-10-01,1595.83,2024-10
1044,212,2024-12-19,240.13,2024-12
1045,212,2024-05-21,243.78,2024-05
1046,212,2024-11-10,12.51,2024-11
1047,212,2025-02-12,361.09,2025-02
1048,212,2024-03-10,175.8,2024-03
1049,213,2024-09-20,1480.3,2024-09
1050,213,2024-12-16,1781.19,2024-12
1051,213,2024-07-05,493.0,2024-07
1052,214,2024-06-06,1001.06,2024-06
1053,214,2025-01-08,902.92,2025-01
1054,214,2024-05-29,385.83,2024-05
1055,214,2025-01-19,520.02,2025-01
1056,215,2023-11-04,12.02,2023-11
1057,215,2024-05-04,19.31,2024-05
1058,217,2023-08-03,427.79,2023-08
1059,217,2024-01-11,1209.48,2024-01
1060,217,2024-07-13,245.54,2024-07
1061,217,2025-02-26,259.13,2025-02
1062,217,2024-04-10,8.52,2024-04
1063,217,2023-09-21,382.68,2023-09
1064,217,2025-03-09,636.99,2025-03
1065,217,2023-07-26,705.21,2023-07
1066,217,2025-01-11,23.29,2025-01
1067,217,2023-08-05,221.35,2023-08
1068,217,2024-10-18,56.1,2024-10
1069,217,2024-03-26,466.42,2024-03
1070,217,2024-03-06,724.67,2024-03
1071,217,2024-08-13,240.16,2024-08
1072,217,2025-03-29,15.65,2025-03
1073,217,2023-10-30,381.21,2023-10
1074,218,2025-01-01,176.95,2025-01
1075,219,2023-05-22,403.19,2023-05
1076,219,2024-11-29,76.21,2024-11
1077,219,2023-06-22,2.52,2023-06
1078,219,2025-01-10,250.51,2025-01
1079,219,2024-11-21,1468.54,2024-11
1080,219,2024-03-18,117.89,2024-03
1081,219,2024-04-27,118.96,2024-04
1082,219,2025-03-02,953.45,2025-03
1083,219,2023-10-03,87.75,2023-10
1084,219,2023-12-23,479.71,2023-12
1085,219,2024-01-24,108.04,2024-01
1086,219,2023-11-12,555.82,2023-11
1087,220,2023-06-19,953.21,2023-06
1088,220,2024-11-07,309.27,2024-11
1089,220,2024-11-07,37.98,2024-11
1090,220,2025-03-12,34.87,2025-03
1091,220,2023-08-03,109.96,2023-08
1092,220,2024-12-09,333.93,2024-12
1093,220,2024-03-28,220.91,2024-03
1094,220,2025-03-12,532.79,2025-03
1095,220,2023-08-05,167.83,2023-08
1096,220,2023-07-05,1151.89,2023-07
1097,220,2024-03-15,332.63,2024-03
1098,220,2024-03-26,479.0,2024-03
1099,220,2024-03-03,591.2,2024-03
1100,220,2023-09-28,416.84,2023-09
1101,220,2024-05-02,824.35,2024-05
1102,220,2024-07-06,92.35,2024-07
1103,220,2024-03-10,141.3,2024-03
1104,220,2023-12-07,622.74,2023-12
1105,220,2025-02-09,286.46,2025-02
1106,221,2024-12-02,569.06,2024-12
1107,221,2024-11-06,96.65,2024-11
1108,221,2024-10-09,921.93,2024-10
1109,222,2024-06-11,152.74,2024-06
1110,222,2024-02-09,649.92,2024-02
1111,222,2023-12-12,947.19,2023-12
1112,224,2025-01-06,401.03,2025-01
1113,224,2025-03-02,252.74,2025-03
1114,225,2024-11-25,543.36,2024-11
1115,225,2025-04-07,295.49,2025-04
1116,225,2024-12-26,123.47,2024-12
1117,225,2025-01-18,153.51,2025-01
1118,226,2023-09-06,552.19,2023-09
1119,226,2025-01-05,1191.5,2025-01
1120,226,2024-07-28,245.59,2024-07
1121,226,2024-11-01,1066.64,2024-11
1122,226,2023-09-03,1970.98,2023-09
1123,226,2024-06-20,54.48,2024-06
1124,226,2025-01-08,501.97,2025-01
1125,226,2024-04-30,900.52,2024-04
1126,227,2024-11-30,236.33,2024-11
1127,227,2024-08-23,363.52,2024-08
1128,228,2024-06-28,363.22,2024-06
1129,228,2024-11-08,849.78,2024-11
1130,228,2024-10-31,333.6,2024-10
1131,228,2025-03-20,1090.95,2025-03
1132,228,2023-11-19,348.41,2023-11
1133,228,2024-04-03,289.82,2024-04
1134,228,2024-07-05,40.11,2024-07
1135,228,2024-08-26,118.82,2024-08
1136,228,2024-05-22,85.61,2024-05
1137,228,2024-03-13,541.04,2024-03
1138,228,2025-01-10,833.46,2025-01
1139,230,2024-07-17,521.01,2024-07
1140,230,2025-03-29,11.35,2025-03
1141,230,2024-03-18,68.42,2024-03
1142,230,2024-07-16,72.35,2024-07
1143,232,2025-03-01,149.38,2025-03
1144,232,2025-03-15,363.5,2025-03
1145,233,2024-07-29,1053.96,2024-07
1146,233,2024-10-05,122.05,2024-10
1147,233,2024-12-31,123.82,2024-12
1148,234,2024-03-30,488.04,2024-03
1149,234,2025-03-02,153.62,2025-03
1150,234,2024-09-10,1277.78,2024-09
1151,237,2023-12-06,329.12,2023-12
1152,237,2024-01-13,1161.32,2024-01
1153,237,2025-03-07,878.74,2025-03
1154,238,2024-09-10,598.07,2024-09
1155,238,2025-03-19,1393.72,2025-03
1156,238,2024-11-05,277.12,2024-11
1157,239,2025-03-07,1204.45,2025-03
1158,239,2024-10-05,166.53,2024-10
1159,239,2025-04-01,104.76,2025-04
1160,239,2024-07-19,431.36,2024-07
1161,239,2024-11-09,366.74,2024-11
1162,239,2025-02-07,582.0,2025-02
1163,239,2024-10-29,84.08,2024-10
1164,240,2024-02-23,151.43,2024-02
1165,240,2024-12-08,275.44,2024-12
1166,240,2024-06-17,473.22,2024-06
1167,240,2024-07-19,703.19,2024-07
1168,240,2024-08-05,401.6,2024-08
1169,240,2024-12-30,329.34,2024-12
1170,240,2024-06-22,409.46,2024-06
1171,240,2024-10-16,146.37,2024-10
1172,240,2024-04-18,430.96,2024-04
1173,240,2024-07-20,665.49,2024-07
1174,240,2023-10-08,688.79,2023-10
1175,240,2024-09-08,764.18,2024-09
1176,240,2023-11-21,52.84,2023-11
1177,240,2024-11-10,255.88,2024-11
1178,240,2024-05-20,806.86,2024-05
1179,240,2025-02-26,597.11,2025-02
1180,242,2025-01-24,866.52,2025-01
1181,243,2024-05-14,33.11,2024-05
1182,243,2024-09-28,231.68,2024-09
1183,243,2024-03-23,644.57,2024-03
1184,243,2025-03-30,475.91,2025-03
1185,243,2024-12-03,621.71,2024-12
1186,243,2024-04-12,1456.76,2024-04
1187,243,2024-08-11,511.23,2024-08
1188,243,2024-02-24,112.64,2024-02
1189,244,2024-09-12,17.09,2024-09
1190,244,2024-10-20,477.5,2024-10
1191,244,2024-04-02,222.94,2024-04
1192,244,2024-02-26,1857.53,2024-02
1193,245,2025-04-05,756.32,2025-04
1194,246,2024-12-21,667.66,2024-12
1195,246,2025-02-14,1257.75,2025-02
1196,247,2025-02-25,303.26,2025-02
1197,247,2024-08-14,151.3,2024-08
1198,247,2024-11-27,408.94,2024-11
1199,248,2024-12-23,207.73,2024-12
1200,248,2024-06-24,812.13,2024-06
1201,248,2024-11-15,1044.19,2024-11
1202,248,2024-11-08,592.4,2024-11
1203,248,2025-03-18,414.1,2025-03
1204,248,2024-11-01,708.32,2024-11
1205,248,2024-03-25,328.86,2024-03
1206,248,2024-11-16,34.97,2024-11
1207,248,2024-10-08,564.92,2024-10
1208,248,2024-10-18,805.12,2024-10
1209,249,2024-03-22,603.35,2024-03
1210,249,2024-12-07,142.68,2024-12
1211,249,2024-06-16,254.52,2024-06
1212,249,2025-02-26,39.54,2025-02
1213,249,2024-09-11,323.66,2024-09
1214,249,2025-03-10,123.31,2025-03
1215,249,2024-12-13,100.93,2024-12
1216,249,2024-09-23,345.57,2024-09
1217,250,2023-12-25,664.82,2023-12
1218,250,2024-01-25,115.83,2024-01
1219,250,2023-11-22,900.72,2023-11
1220,250,2025-01-21,220.05,2025-01
1221,250,2023-08-16,63.85,2023-08
1222,250,2023-07-18,563.22,2023-07
1223,250,2025-03-08,339.29,2025-03
1224,253,2024-08-19,338.97,2024-08
1225,253,2024-07-09,337.46,2024-07
1226,253,2025-03-08,164.44,2025-03
1227,253,2024-05-16,693.49,2024-05
1228,253,2024-02-10,27.83,2024-02
1229,253,2024-12-08,325.35,2024-12
1230,253,2025-04-07,16.55,2025-04
1231,253,2024-09-21,250.2,2024-09
1232,253,2024-03-28,305.5,2024-03
1233,253,2024-02-02,599.07,2024-02
1234,253,2025-01-15,189.64,2025-01
1235,253,2023-10-10,5.95,2023-10
1236,253,2024-05-04,238.56,2024-05
1237,253,2024-01-13,196.84,2024-01
1238,253,2024-06-23,103.61,2024-06
1239,253,2024-06-27,135.34,2024-06
1240,253,2025-01-26,1591.35,2025-01
1241,254,2024-11-17,345.35,2024-11
1242,254,2024-12-14,271.58,2024-12
1243,254,2025-02-23,299.58,2025-02
1244,254,2024-09-24,1938.15,2024-09
1245,254,2025-01-02,841.52,2025-01
1246,255,2024-12-17,97.16,2024-12
1247,256,2024-08-24,2708.75,2024-08
1248,256,2025-02-26,769.33,2025-02
1249,256,2025-02-10,144.49,2025-02
1250,256,2024-05-27,254.08,2024-05
1251,256,2024-09-23,30.96,2024-09
1252,256,2024-12-25,323.65,2024-12
1253,256,2024-07-16,298.79,2024-07
1254,256,2025-03-17,150.4,2025-03
1255,257,2024-12-09,210.9,2024-12
1256,257,2024-07-23,216.23,2024-07
1257,257,2024-10-10,430.02,2024-10
1258,257,2024-09-15,1940.58,2024-09
1259,257,2025-01-06,219.34,2025-01
1260,257,2024-06-09,239.88,2024-06
1261,257,2025-01-08,311.58,2025-01
1262,257,2024-08-16,1013.45,2024-08
1263,258,2024-10-19,41.21,2024-10
1264,258,2025-03-28,188.06,2025-03
1265,259,2024-09-24,158.21,2024-09
1266,259,2024-11-14,759.28,2024-11
1267,259,2024-08-22,688.96,2024-08
1268,259,2025-01-31,1683.78,2025-01
1269,259,2024-10-13,91.55,2024-10
1270,259,2023-09-09,66.79,2023-09
1271,259,2024-04-13,542.39,2024-04
1272,260,2024-01-07,91.31,2024-01
1273,260,2023-09-19,50.22,2023-09
1274,260,2024-10-02,397.52,2024-10
1275,261,2025-04-04,371.15,2025-04
1276,262,2023-08-27,152.21,2023-08
1277,262,2023-10-19,44.04,2023-10
1278,262,2024-06-15,185.08,2024-06
1279,263,2025-01-07,292.74,2025-01
1280,263,2024-07-30,70.37,2024-07
1281,263,2024-09-13,14.49,2024-09
1282,263,2025-03-23,984.38,2025-03
1283,263,2025-02-19,998.44,2025-02
1284,264,2025-01-12,72.58,2025-01
1285,264,2024-04-13,446.81,2024-04
1286,264,2025-01-24,498.54,2025-01
1287,264,2025-01-02,370.6,2025-01
1288,265,2025-03-14,816.63,2025-03
1289,265,2024-12-31,180.9,2024-12
1290,265,2024-07-25,370.45,2024-07
1291,265,2024-12-11,210.71,2024-12
1292,265,2024-08-02,582.01,2024-08
1293,266,2023-06-17,725.94,2023-06
1294,266,2024-04-02,454.41,2024-04
1295,266,2023-06-15,397.27,2023-06
1296,266,2023-12-18,265.29,2023-12
1297,266,2025-01-02,287.33,2025-01
1298,266,2024-02-18,89.13,2024-02
1299,266,2025-03-30,246.92,2025-03
1300,266,2024-06-29,124.61,2024-06
1301,266,2023-08-28,274.3,2023-08
1302,266,2024-02-08,363.47,2024-02
1303,267,2024-05-17,167.51,2024-05
1304,267,2025-02-07,827.24,2025-02
1305,267,2024-10-08,104.13,2024-10
1306,267,2023-10-22,100.7,2023-10
1307,267,2024-06-04,58.47,2024-06
1308,267,2024-11-21,480.81,2024-11
1309,267,2024-05-17,602.77,2024-05
1310,267,2024-12-28,104.0,2024-12
1311,267,2023-09-01,82.53,2023-09
1312,267,2025-02-10,11.19,2025-02
1313,267,2023-11-25,165.72,2023-11
1314,267,2023-12-19,627.98,2023-12
1315,267,2023-08-21,132.51,2023-08
1316,267,2024-01-14,7.42,2024-01
1317,267,2024-03-22,209.21,2024-03
1318,267,2024-06-27,770.25,2024-06
1319,267,2025-01-04,3098.25,2025-01
1320,267,2024-11-29,596.9,2024-11
1321,268,2024-12-03,927.5,2024-12
1322,269,2024-10-21,154.97,2024-10
1323,269,2024-11-06,391.75,2024-11
1324,269,2025-02-26,106.72,2025-02
1325,270,2025-03-21,65.03,2025-03
1326,271,2024-11-11,1376.12,2024-11
1327,271,2024-06-07,496.0,2024-06
1328,271,2024-02-09,682.71,2024-02
1329,271,2024-05-01,146.05,2024-05
1330,271,2024-10-28,110.77,2024-10
1331,271,2024-02-19,996.29,2024-02
1332,271,2024-08-07,1811.06,2024-08
1333,271,2024-08-25,501.07,2024-08
1334,271,2024-11-24,7.59,2024-11
1335,272,2025-03-04,63.72,2025-03
1336,272,2024-03-19,4.48,2024-03
1337,272,2023-08-27,435.03,2023-08
1338,272,2024-11-12,583.03,2024-11
1339,272,2023-12-20,232.13,2023-12
1340,272,2023-10-14,142.99,2023-10
1341,272,2024-12-07,47.93,2024-12
1342,273,2024-10-04,30.82,2024-10
1343,273,2025-01-08,604.2,2025-01
1344,273,2024-11-21,67.24,2024-11
1345,273,2025-03-30,190.44,2025-03
1346,273,2025-02-17,10.79,2025-02
1347,274,2025-03-30,144.31,2025-03
1348,274,2024-12-23,332.09,2024-12
1349,275,2025-03-18,659.14,2025-03
1350,275,2025-01-27,1011.2,2025-01
1351,275,2024-10-02,35.68,2024-10
1352,275,2024-09-26,298.36,2024-09
1353,275,2025-01-15,390.01,2025-01
1354,275,2024-04-21,747.87,2024-04
1355,275,2024-10-27,1072.5,2024-10
1356,276,2024-11-30,536.9,2024-11
1357,276,2025-03-03,474.72,2025-03
1358,276,2025-01-18,50.6,2025-01
1359,276,2024-12-04,22.38,2024-12
1360,277,2024-12-21,112.87,2024-12
1361,277,2025-02-28,16.17,2025-02
1362,278,2025-03-24,1331.14,2025-03
1363,279,2025-01-23,1318.36,2025-01
1364,279,2023-11-28,315.61,2023-11
1365,279,2023-11-09,223.87,2023-11
1366,279,2024-11-06,863.06,2024-11
1367,280,2024-08-07,376.47,2024-08
1368,281,2024-10-21,40.57,2024-10
1369,281,2024-07-23,1616.83,2024-07
1370,281,2024-03-23,53.36,2024-03
1371,282,2024-12-07,107.29,2024-12
1372,282,2025-02-05,422.02,2025-02
1373,282,2024-11-26,408.7,2024-11
1374,283,2024-11-04,561.18,2024-11
1375,284,2025-03-17,91.25,2025-03
1376,285,2024-05-27,265.81,2024-05
1377,285,2025-02-19,281.58,2025-02
1378,285,2024-04-08,468.77,2024-04
1379,285,2024-12-09,394.42,2024-12
1380,285,2024-05-31,725.59,2024-05
1381,285,2024-01-28,223.15,2024-01
1382,285,2024-08-18,296.65,2024-08
1383,285,2024-06-22,0.1,2024-06
1384,285,2023-06-17,2035.99,2023-06
1385,285,2025-01-12,8.22,2025-01
1386,285,2023-09-28,2511.25,2023-09
1387,286,2024-10-13,178.58,2024-10
1388,286,2024-10-29,738.16,2024-10
1389,287,2024-03-08,49.52,2024-03
1390,287,2025-01-15,219.76,2025-01
1391,287,2024-02-20,153.93,2024-02
1392,287,2024-06-13,132.63,2024-06
1393,287,2024-08-04,48.2,2024-08
1394,287,2024-11-14,420.9,2024-11
1395,287,2024-05-11,662.63,2024-05
1396,287,2024-08-29,787.29,2024-08
1397,287,2024-03-27,334.99,2024-03
1398,287,2024-01-07,452.22,2024-01
1399,287,2024-08-04,19.04,2024-08
1400,287,2024-10-26,40.86,2024-10
1401,287,2023-11-28,1274.7,2023-11
1402,288,2024-07-06,1059.27,2024-07
1403,288,2024-10-02,269.37,2024-10
1404,288,2023-11-16,1019.29,2023-11
1405,288,2024-03-04,688.53,2024-03
1406,288,2025-03-23,1320.1,2025-03
1407,288,2024-08-10,27.82,2024-08
1408,288,2025-01-02,21.03,2025-01
1409,288,2025-01-18,416.1,2025-01
1410,288,2024-06-14,348.98,2024-06
1411,289,2025-03-05,25.92,2025-03
1412,289,2024-12-31,125.57,2024-12
1413,290,2024-10-10,70.89,2024-10
1414,290,2024-08-04,322.99,2024-08
1415,290,2024-07-01,397.21,2024-07
1416,290,2025-02-04,44.46,2025-02
1417,290,2024-09-22,717.81,2024-09
1418,290,2024-11-30,334.58,2024-11
1419,291,2024-10-21,154.8,2024-10
1420,292,2025-01-24,59.69,2025-01
1421,294,2025-01-25,478.84,2025-01
1422,294,2024-06-30,290.32,2024-06
1423,294,2024-09-28,111.38,2024-09
1424,294,2025-02-18,84.8,2025-02
1425,295,2024-05-29,672.73,2024-05
1426,295,2024-10-09,1487.39,2024-10
1427,295,2024-07-04,1015.33,2024-07
1428,296,2025-03-24,210.24,2025-03
1429,296,2025-04-02,201.64,2025-04
1430,297,2024-12-22,593.84,2024-12
1431,297,2024-08-18,236.29,2024-08
1432,297,2024-09-13,147.49,2024-09
1433,297,2024-09-30,167.05,2024-09
1434,297,2024-09-23,312.71,2024-09
1435,297,2024-08-08,34.46,2024-08
1436,298,2024-11-17,998.59,2024-11
1437,298,2023-12-04,173.01,2023-12
1438,298,2024-12-14,131.44,2024-12
1439,298,2024-12-08,355.19,2024-12
1440,298,2024-02-24,1171.04,2024-02
1441,299,2025-01-23,379.17,2025-01
1442,299,2023-11-29,110.87,2023-11
1443,299,2024-09-02,411.27,2024-09
1444,299,2023-06-14,20.28,2023-06
1445,299,2024-11-15,181.87,2024-11
1446,299,2024-10-05,249.94,2024-10
1447,299,2023-10-30,9.27,2023-10
1448,299,2024-05-17,219.55,2024-05
1449,299,2024-03-27,134.73,2024-03
1450,299,2024-10-17,161.4,2024-10
1451,299,2023-07-25,491.47,2023-07
1452,299,2024-06-22,1105.47,2024-06
1453,299,2023-06-22,1442.42,2023-06
1454,299,2024-03-04,127.82,2024-03
1455,300,2024-12-15,534.91,2024-12
1456,300,2024-02-06,654.46,2024-02
1457,300,2024-06-28,270.07,2024-06
1458,300,2024-04-13,277.97,2024-04
1459,300,2024-09-23,1202.5,2024-09
1460,301,2025-03-15,115.81,2025-03
1461,301,2025-03-22,434.98,2025-03
1462,301,2025-03-22,184.81,2025-03
1463,301,2025-03-19,281.12,2025-03
1464,301,2025-03-29,533.89,2025-03
1465,302,2023-10-17,190.99,2023-10
1466,302,2024-11-29,380.67,2024-11
1467,302,2023-09-07,101.75,2023-09
1468,302,2023-10-05,649.29,2023-10
1469,302,2024-03-30,1060.68,2024-03
1470,302,2024-07-05,1624.62,2024-07
1471,302,2024-03-14,292.6,2024-03
1472,302,2025-02-19,1353.4,2025-02
1473,302,2024-02-13,82.41,2024-02
1474,302,2023-11-17,56.46,2023-11
1475,302,2023-11-14,13.27,2023-11
1476,302,2025-01-24,479.79,2025-01
1477,302,2025-01-18,418.56,2025-01
1478,302,2023-12-31,453.62,2023-12
1479,302,2023-12-31,581.38,2023-12
1480,302,2024-05-10,41.41,2024-05
1481,302,2024-09-08,71.99,2024-09
1482,302,2025-01-17,316.27,2025-01
1483,302,2025-03-04,234.17,2025-03
1484,303,2024-11-30,89.44,2024-11
1485,303,2025-03-01,16.38,2025-03
1486,303,2024-07-28,1298.04,2024-07
1487,303,2025-02-25,678.11,2025-02
1488,303,2025-02-05,708.95,2025-02
1489,303,2024-09-18,97.45,2024-09
1490,304,2024-12-21,468.16,2024-12
1491,305,2024-05-25,367.66,2024-05
1492,305,2024-05-29,1050.97,2024-05
1493,305,2024-12-23,365.64,2024-12
1494,305,2024-05-26,407.88,2024-05
1495,305,2024-06-05,105.27,2024-06
1496,305,2025-02-21,742.9,2025-02
1497,305,2025-02-02,309.34,2025-02
1498,306,2024-09-23,585.52,2024-09
1499,306,2024-12-22,311.42,2024-12
1500,306,2024-10-30,641.23,2024-10
1501,306,2024-11-22,99.09,2024-11
1502,307,2024-12-30,266.84,2024-12
1503,307,2025-02-27,12.61,2025-02
1504,307,2025-03-02,446.18,2025-03
1505,307,2024-06-17,1070.86,2024-06
1506,308,2025-03-01,195.84,2025-03
1507,309,2024-07-10,47.81,2024-07
1508,309,2025-03-12,44.58,2025-03
1509,310,2024-11-01,237.95,2024-11
1510,310,2024-07-05,731.07,2024-07
1511,310,2024-10-22,88.44,2024-10
1512,310,2024-10-17,98.53,2024-10
1513,310,2024-07-13,272.0,2024-07
1514,310,2025-04-03,654.97,2025-04
1515,311,2024-02-06,492.36,2024-02
1516,311,2023-08-15,1144.05,2023-08
1517,311,2023-11-10,1.77,2023-11
1518,311,2024-01-01,6.14,2024-01
1519,311,2024-09-07,966.93,2024-09
1520,311,2024-10-24,823.71,2024-10
1521,311,2024-12-29,1071.52,2024-12
1522,311,2023-12-16,122.23,2023-12
1523,311,2025-02-20,322.86,2025-02
1524,311,2024-06-09,291.59,2024-06
1525,311,2024-12-22,458.27,2024-12
1526,311,2023-12-23,1069.25,2023-12
1527,311,2024-01-26,483.48,2024-01
1528,311,2024-11-07,857.74,2024-11
1529,311,2023-11-15,25.08,2023-11
1530,312,2023-11-26,529.61,2023-11
1531,312,2023-11-07,78.55,2023-11
1532,312,2023-11-03,549.8,2023-11
1533,312,2024-08-01,201.07,2024-08
1534,313,2023-08-02,57.64,2023-08
1535,313,2023-12-12,87.97,2023-12
1536,313,2024-03-30,472.2,2024-03
1537,314,2025-01-10,1695.03,2025-01
1538,314,2024-08-18,48.88,2024-08
1539,314,2024-09-20,710.32,2024-09
1540,314,2024-09-17,173.24,2024-09
1541,314,2024-11-27,65.07,2024-11
1542,314,2025-02-12,595.08,2025-02
1543,315,2023-12-21,57.88,2023-12
1544,315,2024-01-20,330.5,2024-01
1545,315,2024-08-12,278.48,2024-08
1546,315,2024-09-11,150.32,2024-09
1547,315,2024-10-19,1309.37,2024-10
1548,315,2025-03-14,366.68,2025-03
1549,315,2025-03-15,339.13,2025-03
1550,315,2024-04-24,1075.63,2024-04
1551,315,2024-06-17,616.51,2024-06
1552,315,2024-05-08,0.79,2024-05
1553,317,2025-01-16,803.63,2025-01
1554,317,2024-08-03,203.08,2024-08
1555,318,2024-11-29,511.69,2024-11
1556,318,2025-01-26,183.92,2025-01
1557,318,2024-11-24,60.43,2024-11
1558,318,2024-12-17,892.02,2024-12
1559,319,2025-03-09,518.74,2025-03
1560,320,2025-03-20,901.23,2025-03
1561,320,2025-02-10,116.76,2025-02
1562,320,2025-03-30,1746.88,2025-03
1563,320,2025-02-22,207.12,2025-02
1564,321,2024-07-08,423.13,2024-07
1565,321,2025-02-22,103.75,2025-02
1566,321,2024-05-19,999.74,2024-05
1567,321,2024-12-01,610.84,2024-12
1568,321,2024-12-08,618.66,2024-12
1569,321,2024-10-25,267.11,2024-10
1570,321,2024-09-20,232.28,2024-09
1571,321,2024-11-25,121.76,2024-11
1572,321,2024-11-25,96.19,2024-11
1573,321,2025-02-07,768.43,2025-02
1574,322,2025-03-28,802.29,2025-03
1575,323,2024-11-21,733.71,2024-11
1576,323,2024-10-06,863.38,2024-10
1577,323,2024-11-10,114.82,2024-11
1578,323,2024-08-04,307.51,2024-08
1579,324,2024-01-28,2.06,2024-01
1580,324,2023-11-16,580.86,2023-11
1581,324,2023-12-30,202.7,2023-12
1582,324,2023-11-18,54.41,2023-11
1583,324,2024-08-16,11.37,2024-08
1584,324,2024-08-16,509.23,2024-08
1585,324,2024-05-03,193.48,2024-05
1586,324,2024-04-16,168.83,2024-04
1587,324,2025-03-30,192.21,2025-03
1588,324,2024-12-26,556.04,2024-12
1589,324,2024-07-07,80.86,2024-07
1590,324,2024-07-08,60.78,2024-07
1591,324,2025-03-11,54.0,2025-03
1592,325,2025-01-11,1434.79,2025-01
1593,325,2025-02-11,36.95,2025-02
1594,325,2024-10-10,69.67,2024-10
1595,325,2024-10-10,55.98,2024-10
1596,325,2024-10-14,45.03,2024-10
1597,326,2024-10-13,609.84,2024-10
1598,326,2025-02-26,201.98,2025-02
1599,326,2024-11-01,623.96,2024-11
1600,326,2024-07-02,1818.75,2024-07
1601,327,2025-02-16,70.66,2025-02
1602,327,2024-11-06,51.16,2024-11
1603,327,2024-05-28,576.76,2024-05
1604,327,2024-11-03,317.95,2024-11
1605,327,2024-03-01,77.58,2024-03
1606,327,2025-04-07,149.24,2025-04
1607,327,2024-07-22,248.85,2024-07
1608,327,2024-06-18,777.42,2024-06
1609,327,2024-06-12,301.91,2024-06
1610,327,2023-08-15,33.8,2023-08
1611,327,2023-11-08,216.5,2023-11
1612,328,2024-07-09,165.82,2024-07
1613,328,2025-01-07,463.73,2025-01
1614,328,2024-05-26,354.59,2024-05
1615,328,2025-03-07,850.65,2025-03
1616,328,2024-05-05,197.17,2024-05
1617,328,2024-03-29,786.15,2024-03
1618,328,2025-03-02,446.45,2025-03
1619,328,2024-09-17,484.94,2024-09
1620,328,2024-06-27,1822.75,2024-06
1621,328,2025-02-13,34.17,2025-02
1622,328,2024-08-17,840.78,2024-08
1623,329,2024-11-02,766.97,2024-11
1624,329,2024-11-06,418.75,2024-11
1625,329,2024-08-03,393.21,2024-08
1626,329,2024-04-16,95.03,2024-04
1627,329,2023-11-06,672.32,2023-11
1628,329,2025-03-28,906.23,2025-03
1629,329,2023-12-14,448.44,2023-12
1630,329,2024-12-05,196.8,2024-12
1631,329,2023-11-26,863.05,2023-11
1632,329,2024-02-15,184.11,2024-02
1633,329,2024-10-07,36.07,2024-10
1634,329,2023-12-08,578.4,2023-12
1635,329,2024-09-10,198.31,2024-09
1636,329,2023-10-20,47.45,2023-10
1637,330,2024-05-23,707.51,2024-05
1638,330,2024-10-22,301.63,2024-10
1639,331,2024-12-23,115.12,2024-12
1640,332,2025-03-21,2317.26,2025-03
1641,332,2024-04-11,472.72,2024-04
1642,332,2024-08-11,956.98,2024-08
1643,332,2024-06-05,230.4,2024-06
1644,332,2024-05-27,0.42,2024-05
1645,332,2025-04-05,58.1,2025-04
1646,332,2025-01-16,1003.76,2025-01
1647,332,2024-11-29,282.57,2024-11
1648,333,2025-01-04,622.0,2025-01
1649,333,2025-04-04,240.28,2025-04
1650,333,2024-09-17,543.08,2024-09
1651,333,2024-07-05,104.27,2024-07
1652,333,2025-03-13,926.8,2025-03
1653,333,2025-02-16,916.17,2025-02
1654,333,2024-07-20,170.17,2024-07
1655,333,2024-06-21,72.1,2024-06
1656,333,2024-04-27,522.62,2024-04
1657,334,2025-03-30,536.37,2025-03
1658,334,2024-04-05,44.23,2024-04
1659,334,2025-01-16,983.6,2025-01
1660,335,2025-01-21,302.93,2025-01
1661,335,2025-03-09,102.77,2025-03
1662,335,2024-07-28,431.3,2024-07
1663,335,2025-03-20,622.62,2025-03
1664,335,2024-08-24,1913.69,2024-08
1665,336,2024-02-04,434.07,2024-02
1666,336,2024-01-01,76.63,2024-01
1667,336,2025-04-03,2054.6,2025-04
1668,336,2024-07-24,312.68,2024-07
1669,336,2023-12-31,370.49,2023-12
1670,336,2024-01-10,140.67,2024-01
1671,336,2023-12-30,576.12,2023-12
1672,337,2025-01-05,474.72,2025-01
1673,337,2025-02-06,382.89,2025-02
1674,337,2024-03-03,316.37,2024-03
1675,337,2025-01-25,273.24,2025-01
1676,337,2024-12-18,170.69,2024-12
1677,337,2024-03-28,593.81,2024-03
1678,337,2024-12-28,649.09,2024-12
1679,337,2024-11-13,31.69,2024-11
1680,337,2024-08-12,425.32,2024-08
1681,338,2023-08-19,169.01,2023-08
1682,338,2023-10-15,67.81,2023-10
1683,338,2023-10-09,953.4,2023-10
1684,338,2024-05-02,145.21,2024-05
1685,338,2024-05-05,160.94,2024-05
1686,338,2024-04-11,7.15,2024-04
1687,338,2023-11-14,462.95,2023-11
1688,338,2025-03-19,671.55,2025-03
1689,339,2025-03-09,151.4,2025-03
1690,339,2025-03-15,803.15,2025-03
1691,339,2024-10-14,209.92,2024-10
1692,339,2024-12-06,1710.89,2024-12
1693,339,2025-02-15,908.89,2025-02
1694,340,2024-02-28,431.09,2024-02
1695,340,2024-07-15,27.93,2024-07
1696,340,2024-04-23,704.24,2024-04
1697,340,2023-11-23,26.98,2023-11
1698,340,2024-11-14,254.37,2024-11
1699,340,2024-05-31,323.39,2024-05
1700,341,2025-01-09,377.98,2025-01
1701,341,2024-08-26,170.4,2024-08
1702,341,2024-09-25,51.22,2024-09
1703,343,2025-03-10,558.59,2025-03
1704,343,2025-03-12,264.88,2025-03
1705,344,2023-12-25,578.38,2023-12
1706,344,2024-09-03,123.86,2024-09
1707,344,2024-06-26,145.11,2024-06
1708,344,2023-10-14,11.99,2023-10
1709,344,2023-12-13,29.28,2023-12
1710,344,2024-04-19,1502.78,2024-04
1711,344,2024-01-12,615.63,2024-01
1712,344,2024-01-10,45.17,2024-01
1713,344,2024-01-21,235.77,2024-01
1714,344,2024-03-17,1131.69,2024-03
1715,345,2024-11-08,509.13,2024-11
1716,347,2024-05-13,338.36,2024-05
1717,347,2024-09-24,471.19,2024-09
1718,347,2024-09-01,518.5,2024-09
1719,347,2024-06-22,77.67,2024-06
1720,348,2024-08-15,1218.68,2024-08
1721,348,2025-01-19,54.51,2025-01
1722,348,2024-07-12,36.51,2024-07
1723,348,2025-01-10,750.82,2025-01
1724,348,2024-05-18,1134.15,2024-05
1725,349,2025-04-05,1350.74,2025-04
1726,350,2024-01-19,602.08,2024-01
1727,350,2024-09-20,427.41,2024-09
1728,350,2025-01-25,614.83,2025-01
1729,350,2024-12-31,325.18,2024-12
1730,350,2024-10-03,929.11,2024-10
1731,350,2023-10-27,388.4,2023-10
1732,350,2023-08-20,242.6,2023-08
1733,350,2024-12-22,64.6,2024-12
1734,351,2024-12-28,202.81,2024-12
1735,351,2024-11-01,255.93,2024-11
1736,351,2024-03-28,227.35,2024-03
1737,351,2024-12-09,41.94,2024-12
1738,351,2024-10-18,521.77,2024-10
1739,351,2024-06-24,404.25,2024-06
1740,351,2025-01-23,540.49,2025-01
1741,351,2024-10-28,595.17,2024-10
1742,351,2024-04-14,497.96,2024-04
1743,351,2024-12-28,333.26,2024-12
1744,351,2025-03-19,664.62,2025-03
1745,351,2024-05-18,18.18,2024-05
1746,351,2024-01-21,636.02,2024-01
1747,352,2025-03-12,786.89,2025-03
1748,353,2023-12-19,207.22,2023-12
1749,354,2024-05-31,260.02,2024-05
1750,354,2024-11-20,822.8,2024-11
1751,354,2024-09-17,675.56,2024-09
1752,354,2024-12-12,1293.91,2024-12
1753,354,2024-05-25,664.88,2024-05
1754,356,2023-09-24,138.99,2023-09
1755,356,2023-12-20,7.23,2023-12
1756,356,2023-09-29,1175.17,2023-09
1757,356,2023-11-16,304.57,2023-11
1758,356,2024-01-30,901.97,2024-01
1759,356,2023-10-13,851.33,2023-10
1760,356,2023-11-25,60.62,2023-11
1761,356,2024-03-21,32.59,2024-03
1762,356,2024-03-03,277.75,2024-03
1763,356,2024-09-23,195.95,2024-09
1764,356,2025-03-20,394.7,2025-03
1765,356,2024-07-03,905.25,2024-07
1766,356,2024-03-14,722.44,2024-03
1767,356,2025-04-07,95.25,2025-04
1768,357,2024-01-29,160.03,2024-01
1769,357,2024-11-26,91.99,2024-11
1770,357,2024-10-10,403.05,2024-10
1771,358,2025-03-25,1299.66,2025-03
1772,358,2024-08-29,71.57,2024-08
1773,358,2024-12-27,7.88,2024-12
1774,358,2024-10-09,3.18,2024-10
1775,358,2025-01-18,1302.77,2025-01
1776,359,2024-01-04,115.44,2024-01
1777,359,2024-05-31,370.21,2024-05
1778,359,2024-10-22,136.73,2024-10
1779,359,2024-02-22,471.49,2024-02
1780,359,2023-10-05,453.51,2023-10
1781,359,2025-01-20,473.44,2025-01
1782,359,2023-11-26,493.35,2023-11
1783,359,2024-07-01,213.74,2024-07
1784,359,2023-09-01,407.9,2023-09
1785,359,2024-03-11,62.5,2024-03
1786,359,2025-02-20,1881.62,2025-02
1787,359,2024-09-01,992.91,2024-09
1788,359,2025-03-02,354.17,2025-03
1789,361,2025-01-14,167.78,2025-01
1790,362,2024-04-26,203.45,2024-04
1791,362,2024-11-19,22.14,2024-11
1792,362,2023-10-05,1294.21,2023-10
1793,362,2024-02-09,86.01,2024-02
1794,362,2023-09-11,331.85,2023-09
1795,362,2023-12-09,36.75,2023-12
1796,362,2024-04-09,638.99,2024-04
1797,362,2025-03-28,197.24,2025-03
1798,362,2024-03-03,687.35,2024-03
1799,362,2024-07-11,130.72,2024-07
1800,362,2023-12-03,197.36,2023-12
1801,362,2023-11-21,135.33,2023-11
1802,362,2024-10-08,1019.67,2024-10
1803,363,2025-01-28,38.19,2025-01
1804,363,2024-08-11,1105.86,2024-08
1805,363,2024-11-12,121.78,2024-11
1806,363,2024-12-16,244.96,2024-12
1807,363,2024-11-03,306.01,2024-11
1808,363,2025-01-01,499.86,2025-01
1809,363,2025-03-20,112.96,2025-03
1810,363,2024-10-25,16.31,2024-10
1811,364,2025-01-30,58.89,2025-01
1812,365,2024-10-30,270.83,2024-10
1813,365,2024-07-04,124.14,2024-07
1814,365,2024-05-16,462.71,2024-05
1815,365,2025-04-05,1179.99,2025-04
1816,365,2025-03-01,1755.55,2025-03
1817,365,2024-03-10,45.22,2024-03
1818,365,2025-01-03,335.9,2025-01
1819,365,2024-02-25,447.73,2024-02
1820,365,2024-11-03,163.68,2024-11
1821,365,2024-09-29,666.24,2024-09
1822,365,2024-03-27,142.4,2024-03
1823,365,2024-10-05,433.12,2024-10
1824,365,2025-03-15,1461.73,2025-03
1825,365,2025-02-25,1142.63,2025-02
1826,366,2025-03-14,20.44,2025-03
1827,366,2025-03-03,277.3,2025-03
1828,366,2025-02-09,590.71,2025-02
1829,367,2024-02-18,71.19,2024-02
1830,367,2024-05-07,136.6,2024-05
1831,367,2023-10-10,8.03,2023-10
1832,367,2024-05-17,88.25,2024-05
1833,367,2024-10-22,975.69,2024-10
1834,367,2025-02-26,12.36,2025-02
1835,367,2024-10-17,311.59,2024-10
1836,367,2023-11-28,1036.53,2023-11
1837,367,2024-08-28,102.25,2024-08
1838,367,2024-07-23,492.84,2024-07
1839,367,2023-07-11,984.42,2023-07
1840,368,2024-06-15,1119.5,2024-06
1841,368,2024-04-22,378.49,2024-04
1842,368,2024-03-16,277.48,2024-03
1843,371,2023-12-05,58.81,2023-12
1844,371,2024-10-22,313.07,2024-10
1845,371,2023-11-24,227.52,2023-11
1846,371,2024-04-10,522.31,2024-04
1847,371,2023-12-21,411.35,2023-12
1848,371,2024-05-10,74.49,2024-05
1849,371,2024-09-20,136.32,2024-09
1850,371,2024-02-07,523.54,2024-02
1851,371,2024-05-15,699.53,2024-05
1852,372,2024-12-29,217.48,2024-12
1853,372,2024-11-04,350.15,2024-11
1854,372,2024-11-14,28.0,2024-11
1855,372,2025-02-20,211.73,2025-02
1856,374,2024-09-19,300.72,2024-09
1857,374,2024-12-05,804.48,2024-12
1858,374,2024-01-31,104.35,2024-01
1859,374,2025-03-07,45.68,2025-03
1860,374,2024-12-29,1141.13,2024-12
1861,374,2024-09-15,1588.11,2024-09
1862,374,2024-02-11,57.91,2024-02
1863,374,2024-09-02,59.41,2024-09
1864,374,2024-04-24,342.92,2024-04
1865,374,2024-06-21,367.7,2024-06
1866,374,2023-12-18,173.48,2023-12
1867,374,2024-04-08,321.14,2024-04
1868,374,2025-01-28,293.37,2025-01
1869,376,2024-11-10,11.14,2024-11
1870,377,2025-01-14,332.91,2025-01
1871,377,2024-12-22,418.8,2024-12
1872,377,2024-12-24,94.21,2024-12
1873,378,2025-01-08,80.28,2025-01
1874,379,2025-03-29,1809.79,2025-03
1875,380,2025-02-24,2539.43,2025-02
1876,382,2024-02-14,547.64,2024-02
1877,382,2024-12-27,80.05,2024-12
1878,382,2024-06-24,381.4,2024-06
1879,382,2024-05-13,1265.58,2024-05
1880,382,2025-02-27,1337.32,2025-02
1881,382,2024-06-06,1476.23,2024-06
1882,382,2024-12-02,84.83,2024-12
1883,382,2024-12-14,520.99,2024-12
1884,382,2024-11-07,321.14,2024-11
1885,382,2024-11-01,1746.75,2024-11
1886,382,2024-06-08,803.66,2024-06
1887,383,2025-02-04,584.22,2025-02
1888,383,2024-04-05,75.08,2024-04
1889,383,2024-06-22,184.14,2024-06
1890,383,2024-10-06,295.27,2024-10
1891,383,2024-05-28,197.53,2024-05
1892,383,2024-09-10,437.85,2024-09
1893,383,2024-10-08,759.99,2024-10
1894,383,2024-12-04,108.9,2024-12
1895,383,2024-05-19,386.54,2024-05
1896,384,2023-09-30,1861.52,2023-09
1897,384,2024-08-09,108.12,2024-08
1898,384,2024-05-23,462.13,2024-05
1899,384,2024-12-07,1435.89,2024-12
1900,384,2024-07-06,253.38,2024-07
1901,384,2024-09-12,230.72,2024-09
1902,384,2024-07-18,6.13,2024-07
1903,384,2024-06-20,216.43,2024-06
1904,384,2024-10-01,1036.94,2024-10
1905,384,2023-09-30,121.48,2023-09
1906,384,2024-09-29,676.48,2024-09
1907,384,2024-08-31,814.02,2024-08
1908,385,2023-12-18,819.11,2023-12
1909,385,2024-09-10,652.09,2024-09
1910,385,2024-08-31,75.16,2024-08
1911,385,2025-02-24,455.57,2025-02
1912,385,2023-11-28,116.46,2023-11
1913,385,2024-11-01,2227.62,2024-11
1914,385,2024-12-22,2157.68,2024-12
1915,385,2023-09-09,1352.67,2023-09
1916,385,2025-02-27,705.53,2025-02
1917,385,2023-10-02,3.32,2023-10
1918,386,2024-12-27,96.12,2024-12
1919,386,2025-02-14,619.36,2025-02
1920,386,2024-03-18,111.11,2024-03
1921,386,2024-11-23,170.87,2024-11
1922,386,2025-03-15,21.58,2025-03
1923,386,2024-09-03,899.65,2024-09
1924,386,2024-09-05,340.71,2024-09
1925,386,2025-02-15,127.14,2025-02
1926,386,2023-11-01,83.63,2023-11
1927,387,2024-11-19,530.39,2024-11
1928,387,2025-01-14,338.53,2025-01
1929,387,2025-03-22,14.43,2025-03
1930,388,2024-06-09,456.76,2024-06
1931,388,2025-04-07,435.02,2025-04
1932,388,2024-12-22,494.43,2024-12
1933,388,2024-08-02,233.57,2024-08
1934,389,2023-10-28,933.07,2023-10
1935,389,2024-03-25,435.72,2024-03
1936,389,2024-03-08,192.6,2024-03
1937,389,2024-02-26,221.11,2024-02
1938,389,2023-12-04,159.19,2023-12
1939,389,2024-12-13,505.64,2024-12
1940,389,2024-10-09,24.97,2024-10
1941,389,2024-08-04,377.1,2024-08
1942,389,2023-12-28,360.64,2023-12
1943,389,2024-04-15,723.42,2024-04
1944,389,2024-03-30,392.32,2024-03
1945,389,2024-08-29,876.72,2024-08
1946,389,2024-08-14,158.36,2024-08
1947,390,2025-02-23,73.64,2025-02
1948,391,2024-09-06,83.95,2024-09
1949,391,2024-09-09,890.63,2024-09
1950,393,2025-04-05,618.76,2025-04
1951,393,2024-11-09,682.19,2024-11
1952,393,2025-02-09,125.74,2025-02
1953,393,2025-03-05,582.45,2025-03
1954,393,2025-02-16,117.76,2025-02
1955,393,2024-12-30,276.52,2024-12
1956,393,2025-02-02,40.46,2025-02
1957,393,2024-11-23,109.3,2024-11
1958,394,2025-03-28,449.69,2025-03
1959,395,2023-11-19,1195.87,2023-11
1960,395,2023-09-03,34.27,2023-09
1961,395,2023-07-31,702.33,2023-07
1962,395,2023-11-24,1263.48,2023-11
1963,395,2024-02-16,442.88,2024-02
1964,395,2024-02-10,102.15,2024-02
1965,395,2024-07-14,14.85,2024-07
1966,395,2023-12-17,934.95,2023-12
1967,395,2024-04-30,1485.93,2024-04
1968,395,2024-07-11,217.09,2024-07
1969,395,2024-12-14,758.89,2024-12
1970,395,2024-03-24,351.51,2024-03
1971,395,2023-09-28,52.18,2023-09
1972,395,2025-03-04,720.36,2025-03
1973,396,2023-11-27,629.06,2023-11
1974,396,2024-02-01,94.23,2024-02
1975,396,2024-10-20,2.17,2024-10
1976,396,2023-07-29,1290.04,2023-07
1977,396,2024-09-16,952.9,2024-09
1978,396,2024-08-17,228.22,2024-08
1979,396,2024-12-12,102.36,2024-12
1980,396,2025-03-08,1582.05,2025-03
1981,396,2023-10-21,900.12,2023-10
1982,396,2024-05-11,275.9,2024-05
1983,396,2024-09-26,129.1,2024-09
1984,396,2023-08-12,716.5,2023-08
1985,396,2024-03-05,65.98,2024-03
1986,396,2023-08-09,366.7,2023-08
1987,396,2024-09-07,718.32,2024-09
1988,396,2024-02-08,407.24,2024-02
1989,397,2024-06-20,198.83,2024-06
1990,397,2024-07-24,242.89,2024-07
1991,398,2025-04-04,1125.73,2025-04
1992,400,2024-07-13,252.4,2024-07
1993,400,2024-06-23,63.47,2024-06
1994,400,2024-07-10,676.3,2024-07
1995,400,2024-09-16,33.45,2024-09
1996,400,2024-10-17,206.72,2024-10
1997,400,2024-07-31,132.55,2024-07
1998,402,2024-09-18,79.72,2024-09
1999,402,2025-03-17,57.17,2025-03
2000,402,2024-08-20,336.03,2024-08
2001,402,2024-07-31,494.93,2024-07
2002,402,2024-04-23,15.09,2024-04
2003,402,2024-01-31,886.9,2024-01
2004,402,2024-01-04,1789.07,2024-01
2005,402,2025-01-02,463.91,2025-01
2006,402,2024-11-06,82.87,2024-11
2007,402,2024-03-15,713.92,2024-03
2008,403,2024-12-17,173.76,2024-12
2009,403,2025-02-16,390.92,2025-02
2010,403,2024-06-12,1524.36,2024-06
2011,403,2024-06-26,2339.49,2024-06
2012,403,2024-09-23,241.95,2024-09
2013,403,2024-06-30,16.71,2024-06
2014,404,2025-03-19,420.66,2025-03
2015,405,2024-12-19,963.28,2024-12
2016,405,2024-10-23,28.68,2024-10
2017,405,2024-02-17,341.29,2024-02
2018,405,2024-06-13,479.78,2024-06
2019,405,2024-05-19,727.22,2024-05
2020,405,2024-03-10,193.19,2024-03
2021,405,2023-06-21,446.36,2023-06
2022,405,2023-10-02,906.8,2023-10
2023,405,2024-05-15,829.19,2024-05
2024,405,2025-01-10,13.63,2025-01
2025,405,2025-02-22,208.71,2025-02
2026,405,2023-08-31,279.44,2023-08
2027,405,2024-05-23,265.45,2024-05
2028,405,2023-07-20,541.23,2023-07
2029,405,2024-02-01,133.69,2024-02
2030,405,2024-04-07,448.9,2024-04
2031,407,2024-12-20,386.55,2024-12
2032,407,2025-01-07,308.94,2025-01
2033,408,2025-03-29,595.3,2025-03
2034,408,2025-03-31,2126.02,2025-03
2035,409,2023-11-05,586.99,2023-11
2036,409,2024-02-21,204.71,2024-02
2037,409,2024-12-21,834.22,2024-12
2038,409,2024-07-07,91.14,2024-07
2039,409,2024-05-27,225.76,2024-05
2040,409,2024-10-14,112.67,2024-10
2041,409,2023-10-11,917.48,2023-10
2042,409,2025-01-24,120.45,2025-01
2043,409,2024-04-22,24.35,2024-04
2044,409,2025-03-04,257.11,2025-03
2045,409,2024-03-13,489.84,2024-03
2046,409,2023-10-28,632.4,2023-10
2047,409,2025-03-09,49.76,2025-03
2048,409,2024-07-04,159.67,2024-07
2049,410,2024-11-22,213.33,2024-11
2050,410,2024-07-09,527.11,2024-07
2051,410,2025-02-25,351.23,2025-02
2052,410,2025-02-23,283.62,2025-02
2053,410,2025-03-08,111.62,2025-03
2054,410,2025-01-04,490.37,2025-01
2055,410,2024-10-23,1063.88,2024-10
2056,410,2024-10-30,430.01,2024-10
2057,411,2025-04-03,1636.63,2025-04
2058,411,2024-09-17,155.94,2024-09
2059,411,2025-03-11,380.41,2025-03
2060,411,2025-02-15,957.9,2025-02
2061,411,2024-08-14,1363.89,2024-08
2062,411,2025-02-27,30.87,2025-02
2063,411,2023-12-19,226.49,2023-12
2064,412,2024-12-31,81.54,2024-12
2065,412,2025-03-02,929.34,2025-03
2066,412,2025-03-21,983.72,2025-03
2067,414,2025-03-21,148.16,2025-03
2068,414,2025-02-01,81.24,2025-02
2069,414,2024-11-05,140.91,2024-11
2070,415,2024-12-24,332.17,2024-12
2071,415,2024-11-25,274.11,2024-11
2072,415,2023-10-13,112.82,2023-10
2073,415,2024-06-11,73.34,2024-06
2074,415,2024-05-27,779.54,2024-05
2075,415,2024-06-16,537.45,2024-06
2076,415,2024-03-04,516.83,2024-03
2077,415,2023-10-19,1659.17,2023-10
2078,415,2025-01-15,762.17,2025-01
2079,415,2023-11-01,981.57,2023-11
2080,418,2024-12-15,134.62,2024-12
2081,420,2024-06-11,56.48,2024-06
2082,420,2024-08-22,1752.01,2024-08
2083,420,2025-03-09,146.72,2025-03
2084,420,2024-03-13,337.02,2024-03
2085,420,2025-02-02,601.35,2025-02
2086,421,2024-12-01,394.55,2024-12
2087,421,2024-09-20,1652.7,2024-09
2088,422,2025-02-18,518.38,2025-02
2089,423,2024-12-01,920.92,2024-12
2090,423,2024-12-21,586.69,2024-12
2091,423,2025-02-28,382.76,2025-02
2092,423,2024-11-04,1202.8,2024-11
2093,425,2024-12-19,1006.62,2024-12
2094,426,2025-03-30,1305.22,2025-03
2095,426,2025-01-07,631.84,2025-01
2096,426,2024-05-14,869.78,2024-05
2097,426,2024-10-26,352.95,2024-10
2098,426,2025-01-27,273.11,2025-01
2099,426,2025-01-01,301.89,2025-01
2100,426,2024-03-01,717.69,2024-03
2101,426,2024-08-08,497.34,2024-08
2102,426,2024-06-20,1.54,2024-06
2103,426,2024-08-24,494.83,2024-08
2104,426,2024-12-19,428.79,2024-12
2105,428,2025-02-07,578.79,2025-02
2106,428,2024-05-02,300.27,2024-05
2107,428,2023-10-24,151.01,2023-10
2108,428,2025-02-06,876.56,2025-02
2109,429,2024-04-16,44.09,2024-04
2110,429,2024-10-06,100.38,2024-10
2111,429,2024-10-16,1448.01,2024-10
2112,429,2024-05-12,10.48,2024-05
2113,429,2023-10-19,1282.71,2023-10
2114,429,2024-05-17,1186.74,2024-05
2115,430,2025-02-26,151.76,2025-02
2116,430,2025-01-26,25.53,2025-01
2117,430,2025-01-06,46.64,2025-01
2118,430,2025-01-28,1471.03,2025-01
2119,430,2024-12-05,7.11,2024-12
2120,433,2024-10-31,99.45,2024-10
2121,433,2024-01-26,14.6,2024-01
2122,433,2024-05-24,134.26,2024-05
2123,433,2024-12-03,1189.35,2024-12
2124,433,2024-09-11,437.22,2024-09
2125,433,2024-12-11,44.82,2024-12
2126,434,2024-05-14,1025.69,2024-05
2127,434,2025-02-09,580.54,2025-02
2128,434,2025-01-25,616.28,2025-01
2129,434,2024-09-17,37.93,2024-09
2130,434,2024-02-28,26.76,2024-02
2131,434,2024-08-26,318.32,2024-08
2132,434,2024-12-26,2862.93,2024-12
2133,434,2024-02-14,2.69,2024-02
2134,435,2024-08-27,180.13,2024-08
2135,435,2024-09-10,556.25,2024-09
2136,435,2023-12-16,1721.91,2023-12
2137,435,2025-02-25,21.0,2025-02
2138,435,2024-02-02,150.75,2024-02
2139,435,2024-12-30,339.46,2024-12
2140,435,2024-07-15,1051.44,2024-07
2141,435,2023-12-16,46.96,2023-12
2142,435,2025-01-27,283.64,2025-01
2143,435,2024-04-25,62.13,2024-04
2144,435,2023-09-17,1920.24,2023-09
2145,435,2024-12-26,1026.61,2024-12
2146,435,2024-05-16,688.81,2024-05
2147,435,2024-10-16,166.29,2024-10
2148,435,2024-04-28,474.58,2024-04
2149,435,2024-04-29,363.84,2024-04
2150,435,2024-10-22,1115.93,2024-10
2151,435,2024-06-21,667.55,2024-06
2152,435,2024-12-18,721.27,2024-12
2153,437,2025-02-24,28.06,2025-02
2154,437,2025-03-31,18.26,2025-03
2155,437,2025-03-11,612.02,2025-03
2156,437,2025-01-21,2669.75,2025-01
2157,438,2024-10-20,220.43,2024-10
2158,439,2024-11-09,934.88,2024-11
2159,439,2024-12-15,66.0,2024-12
2160,439,2024-10-20,113.91,2024-10
2161,439,2025-01-17,900.76,2025-01
2162,439,2025-02-19,437.99,2025-02
2163,439,2024-07-21,373.29,2024-07
2164,439,2025-01-17,269.29,2025-01
2165,439,2024-10-03,141.29,2024-10
2166,440,2023-09-07,1091.81,2023-09
2167,440,2023-06-29,167.23,2023-06
2168,440,2023-10-05,250.58,2023-10
2169,440,2025-01-27,1323.58,2025-01
2170,440,2023-09-19,906.93,2023-09
2171,440,2023-11-07,14.65,2023-11
2172,440,2024-09-16,888.04,2024-09
2173,440,2024-10-06,302.62,2024-10
2174,440,2024-03-04,450.95,2024-03
2175,440,2023-06-08,199.81,2023-06
2176,440,2023-07-17,533.81,2023-07
2177,440,2024-09-08,196.46,2024-09
2178,440,2025-01-05,69.24,2025-01
2179,441,2025-03-25,195.17,2025-03
2180,442,2024-10-07,396.1,2024-10
2181,443,2024-05-31,254.46,2024-05
2182,443,2024-08-27,137.27,2024-08
2183,443,2024-05-28,10.36,2024-05
2184,443,2024-09-27,88.93,2024-09
2185,443,2024-12-14,520.88,2024-12
2186,443,2024-08-02,64.26,2024-08
2187,443,2025-01-09,1170.32,2025-01
2188,444,2024-07-17,547.59,2024-07
2189,444,2024-07-26,359.39,2024-07
2190,444,2024-11-28,294.79,2024-11
2191,444,2024-08-16,323.55,2024-08
2192,444,2025-02-11,458.57,2025-02
2193,445,2024-07-23,832.99,2024-07
2194,445,2025-02-04,103.12,2025-02
2195,445,2025-02-21,277.58,2025-02
2196,447,2025-03-31,1334.42,2025-03
2197,447,2025-01-17,171.74,2025-01
2198,447,2025-01-13,1188.7,2025-01
2199,448,2023-08-30,576.5,2023-08
2200,448,2024-02-23,921.12,2024-02
2201,448,2024-10-08,279.07,2024-10
2202,448,2024-11-24,24.45,2024-11
2203,448,2023-07-09,1246.28,2023-07
2204,449,2025-01-14,357.34,2025-01
2205,449,2024-12-31,312.42,2024-12
2206,449,2024-12-18,731.9,2024-12
2207,449,2024-10-12,60.48,2024-10
2208,449,2025-03-28,771.3,2025-03
2209,449,2024-11-11,43.48,2024-11
2210,450,2025-02-02,208.77,2025-02
2211,450,2024-11-14,118.54,2024-11
2212,450,2024-07-26,687.24,2024-07
2213,450,2025-01-27,1026.36,2025-01
2214,450,2024-08-23,284.4,2024-08
2215,451,2024-05-17,251.21,2024-05
2216,452,2024-11-13,533.27,2024-11
2217,453,2025-03-09,481.82,2025-03
2218,453,2025-03-08,45.86,2025-03
2219,453,2024-09-18,6.99,2024-09
2220,454,2025-02-25,595.42,2025-02
2221,454,2025-03-08,117.37,2025-03
2222,456,2023-10-26,178.99,2023-10
2223,456,2024-11-15,80.18,2024-11
2224,456,2024-10-04,11.03,2024-10
2225,456,2024-01-16,1163.52,2024-01
2226,456,2024-10-27,1660.27,2024-10
2227,456,2024-11-23,9.91,2024-11
2228,457,2025-04-04,203.12,2025-04
2229,458,2025-03-31,274.09,2025-03
2230,459,2024-11-14,62.18,2024-11
2231,459,2024-07-08,297.4,2024-07
2232,459,2024-10-07,10.51,2024-10
2233,459,2024-05-08,647.7,2024-05
2234,459,2024-11-10,210.68,2024-11
2235,459,2024-03-12,354.27,2024-03
2236,459,2025-03-11,1198.83,2025-03
2237,459,2024-06-30,1273.83,2024-06
2238,459,2024-11-09,70.3,2024-11
2239,459,2024-05-14,641.86,2024-05
2240,459,2024-08-21,1606.99,2024-08
2241,460,2024-11-23,804.11,2024-11
2242,460,2024-01-10,486.22,2024-01
2243,460,2024-05-13,586.72,2024-05
2244,460,2023-10-25,549.89,2023-10
2245,460,2023-12-08,95.15,2023-12
2246,460,2024-01-05,465.38,2024-01
2247,460,2023-11-09,788.68,2023-11
2248,460,2024-12-15,180.95,2024-12
2249,460,2024-02-28,406.9,2024-02
2250,460,2023-08-16,222.2,2023-08
2251,460,2024-04-21,220.84,2024-04
2252,460,2024-01-07,96.01,2024-01
2253,461,2025-01-02,822.05,2025-01
2254,461,2025-03-27,480.6,2025-03
2255,461,2025-04-03,412.75,2025-04
2256,461,2025-01-17,735.04,2025-01
2257,462,2025-03-12,1306.13,2025-03
2258,463,2023-08-22,760.83,2023-08
2259,463,2025-01-19,761.99,2025-01
2260,463,2023-08-18,867.53,2023-08
2261,463,2023-06-17,353.93,2023-06
2262,464,2024-02-21,1023.47,2024-02
2263,464,2024-10-28,85.41,2024-10
2264,464,2024-08-18,615.78,2024-08
2265,464,2025-03-25,344.97,2025-03
2266,464,2024-02-02,83.79,2024-02
2267,465,2025-01-06,65.61,2025-01
2268,465,2025-03-12,289.11,2025-03
2269,465,2024-08-24,140.73,2024-08
2270,465,2025-02-09,44.54,2025-02
2271,466,2025-03-01,546.81,2025-03
2272,466,2023-10-29,699.6,2023-10
2273,466,2024-11-19,273.85,2024-11
2274,466,2024-01-15,74.25,2024-01
2275,466,2024-08-08,266.71,2024-08
2276,466,2024-07-19,1141.71,2024-07
2277,466,2024-11-05,791.42,2024-11
2278,466,2024-05-31,1438.89,2024-05
2279,466,2024-08-22,78.67,2024-08
2280,466,2023-06-06,632.26,2023-06
2281,466,2024-11-06,1438.02,2024-11
2282,466,2023-08-21,206.47,2023-08
2283,467,2025-02-13,284.64,2025-02
2284,467,2024-10-05,539.66,2024-10
2285,467,2025-01-30,1164.01,2025-01
2286,467,2024-10-27,1902.32,2024-10
2287,468,2025-01-05,639.26,2025-01
2288,468,2025-01-15,1199.72,2025-01
2289,468,2024-03-08,877.24,2024-03
2290,468,2024-07-28,602.48,2024-07
2291,468,2024-09-26,1092.76,2024-09
2292,468,2025-02-16,1093.18,2025-02
2293,468,2024-09-18,1064.21,2024-09
2294,469,2024-03-18,385.48,2024-03
2295,469,2025-03-15,645.67,2025-03
2296,469,2024-06-18,367.47,2024-06
2297,470,2024-12-30,120.23,2024-12
2298,470,2025-01-28,368.38,2025-01
2299,470,2024-08-25,11.85,2024-08
2300,470,2024-12-04,138.1,2024-12
2301,470,2025-01-20,648.24,2025-01
2302,470,2024-07-06,658.36,2024-07
2303,470,2025-03-31,150.39,2025-03
2304,470,2025-03-12,66.09,2025-03
2305,470,2024-07-20,297.77,2024-07
2306,471,2025-01-09,206.99,2025-01
2307,472,2024-12-29,416.89,2024-12
2308,472,2025-02-14,547.59,2025-02
2309,472,2025-01-12,133.18,2025-01
2310,472,2024-03-15,167.41,2024-03
2311,472,2024-12-20,558.03,2024-12
2312,472,2024-06-03,366.64,2024-06
2313,472,2024-01-22,55.59,2024-01
2314,472,2024-10-23,436.58,2024-10
2315,473,2024-06-13,79.24,2024-06
2316,473,2024-05-27,48.39,2024-05
2317,473,2024-07-16,323.37,2024-07
2318,473,2024-05-23,230.46,2024-05
2319,474,2024-10-17,754.4,2024-10
2320,474,2024-01-30,438.9,2024-01
2321,474,2025-02-14,275.32,2025-02
2322,474,2024-07-28,584.01,2024-07
2323,474,2024-09-17,657.86,2024-09
2324,474,2024-07-04,868.1,2024-07
2325,474,2023-09-29,352.39,2023-09
2326,474,2024-09-12,620.92,2024-09
2327,474,2023-09-14,1721.51,2023-09
2328,474,2024-10-11,994.88,2024-10
2329,474,2023-09-02,592.85,2023-09
2330,474,2024-08-13,320.61,2024-08
2331,474,2023-10-12,1441.82,2023-10
2332,474,2024-05-17,1273.59,2024-05
2333,474,2023-09-03,460.15,2023-09
2334,474,2024-06-26,58.46,2024-06
2335,474,2024-05-17,424.04,2024-05
2336,474,2023-06-15,369.89,2023-06
2337,476,2024-08-27,14.19,2024-08
2338,476,2023-09-11,76.66,2023-09
2339,476,2024-12-11,273.88,2024-12
2340,476,2024-02-24,1099.37,2024-02
2341,476,2023-11-24,101.11,2023-11
2342,476,2024-08-30,1.04,2024-08
2343,476,2024-10-29,214.35,2024-10
2344,476,2023-06-02,270.28,2023-06
2345,476,2024-11-24,185.32,2024-11
2346,476,2024-07-24,1152.73,2024-07
2347,478,2025-03-22,1152.52,2025-03
2348,478,2024-09-11,1585.99,2024-09
2349,478,2024-10-25,1004.78,2024-10
2350,478,2024-08-21,424.31,2024-08
2351,478,2024-11-30,516.29,2024-11
2352,478,2024-10-22,106.86,2024-10
2353,479,2025-03-08,1576.69,2025-03
2354,479,2025-02-01,64.08,2025-02
2355,479,2025-02-01,160.77,2025-02
2356,480,2025-03-09,338.12,2025-03
2357,480,2025-02-14,207.72,2025-02
2358,480,2025-02-15,981.8,2025-02
2359,481,2024-07-04,77.76,2024-07
2360,481,2024-06-03,731.17,2024-06
2361,481,2024-02-20,183.21,2024-02
2362,481,2024-11-06,567.55,2024-11
2363,481,2023-11-15,476.58,2023-11
2364,481,2024-08-14,100.12,2024-08
2365,485,2024-07-08,156.87,2024-07
2366,485,2025-02-01,312.58,2025-02
2367,485,2024-05-19,330.99,2024-05
2368,485,2024-11-07,1225.17,2024-11
2369,485,2024-04-01,156.78,2024-04
2370,485,2024-06-24,141.39,2024-06
2371,485,2024-07-19,181.64,2024-07
2372,486,2024-08-27,936.3,2024-08
2373,486,2024-12-28,763.66,2024-12
2374,486,2024-10-26,233.65,2024-10
2375,486,2024-11-22,761.68,2024-11
2376,486,2024-07-15,0.5,2024-07
2377,486,2025-03-26,529.3,2025-03
2378,486,2024-11-21,0.27,2024-11
2379,487,2025-03-04,914.69,2025-03
2380,487,2025-01-24,439.93,2025-01
2381,487,2025-04-05,23.28,2025-04
2382,488,2024-04-17,178.79,2024-04
2383,488,2025-03-16,599.38,2025-03
2384,488,2024-06-28,645.63,2024-06
2385,488,2024-11-18,1053.01,2024-11
2386,488,2024-09-08,471.38,2024-09
2387,488,2024-12-27,1076.79,2024-12
2388,488,2025-01-21,504.16,2025-01
2389,488,2024-11-11,141.13,2024-11
2390,488,2024-12-31,208.99,2024-12
2391,488,2025-01-07,8.0,2025-01
2392,488,2024-06-21,519.86,2024-06
2393,488,2024-02-08,469.25,2024-02
2394,488,2024-02-10,1158.57,2024-02
2395,489,2024-11-19,405.73,2024-11
2396,489,2025-02-04,718.72,2025-02
2397,489,2025-03-27,42.32,2025-03
2398,491,2025-03-27,217.7,2025-03
2399,491,2024-11-29,66.63,2024-11
2400,491,2024-11-30,125.21,2024-11
2401,491,2024-12-11,710.28,2024-12
2402,492,2024-07-27,47.14,2024-07
2403,492,2024-11-18,826.21,2024-11
2404,492,2024-08-26,133.45,2024-08
2405,492,2025-01-18,18.75,2025-01
2406,492,2024-08-14,3.58,2024-08
2407,493,2024-02-25,1019.79,2024-02
2408,493,2025-03-30,340.62,2025-03
2409,493,2024-05-20,539.17,2024-05
2410,493,2024-05-01,33.8,2024-05
2411,493,2024-03-14,685.16,2024-03
2412,493,2024-03-13,150.3,2024-03
2413,494,2025-01-13,1064.33,2025-01
2414,494,2025-03-01,106.5,2025-03
2415,494,2024-06-17,2411.13,2024-06
2416,494,2025-02-07,570.78,2025-02
2417,494,2024-05-27,1389.43,2024-05
2418,494,2024-07-17,961.59,2024-07
2419,494,2025-03-01,64.89,2025-03
2420,495,2025-01-30,1076.23,2025-01
2421,495,2025-02-03,162.82,2025-02
2422,495,2024-12-22,248.67,2024-12
2423,495,2025-03-10,1060.54,2025-03
2424,495,2025-01-11,2316.0,2025-01
2425,496,2024-10-26,1244.43,2024-10
2426,496,2025-02-28,89.85,2025-02
2427,496,2024-10-14,491.74,2024-10
2428,496,2024-11-18,14.13,2024-11
2429,496,2024-09-04,448.89,2024-09
2430,496,2024-11-29,320.82,2024-11
2431,496,2024-10-05,861.96,2024-10
2432,497,2024-01-26,1437.18,2024-01
2433,497,2025-02-01,483.22,2025-02
2434,497,2023-09-03,490.88,2023-09
2435,497,2025-01-10,66.67,2025-01
2436,497,2023-07-30,1242.74,2023-07
2437,497,2024-06-18,187.91,2024-06
2438,497,2023-08-03,763.11,2023-08
2439,497,2023-07-31,1257.37,2023-07
2440,497,2024-08-23,28.17,2024-08
2441,497,2025-02-12,492.0,2025-02
2442,497,2023-08-04,53.7,2023-08
2443,497,2023-07-25,409.65,2023-07
2444,497,2024-03-25,948.32,2024-03
2445,497,2024-07-13,50.37,2024-07
2446,497,2024-07-22,132.71,2024-07
2447,497,2025-01-31,774.35,2025-01
2448,498,2024-05-23,302.03,2024-05
2449,498,2024-08-24,207.47,2024-08
2450,498,2024-06-08,302.64,2024-06
2451,498,2024-11-26,57.15,2024-11
2452,498,2024-05-25,452.15,2024-05
2453,498,2024-07-21,449.33,2024-07
2454,498,2024-11-27,1173.63,2024-11
2455,498,2024-09-19,507.18,2024-09
2456,498,2025-01-30,219.56,2025-01
2457,498,2024-11-19,139.3,2024-11
2458,499,2024-03-08,68.3,2024-03
2459,500,2024-12-24,1606.22,2024-12
2460,500,2024-07-18,186.39,2024-07
2461,500,2025-01-22,746.93,2025-01
2462,500,2023-12-15,316.99,2023-12
2463,500,2025-03-26,209.96,2025-03
2464,500,2024-07-29,1757.82,2024-07
2465,500,2024-12-29,441.48,2024-12
2466,500,2023-12-13,29.51,2023-12
2467,500,2024-12-18,855.14,2024-12
2468,500,2025-02-09,978.44,2025-02
2469,500,2024-09-22,210.66,2024-09
2470,500,2024-02-08,511.6,2024-02
2471,500,2024-02-09,769.17,2024-02
